if_symptom,then_suggest,support,confidence,lift
knee_r_exam_slr_right_neg,"knee_l_exam_creps_left, knee_present, knee_l_exam_slr_left_neg",0.1048951048951049,1.0,8.9375
"knee_r_exam_creps_right, knee_l_exam_slr_left_neg, knee_l_exam_creps_left",knee_r_exam_slr_right_neg,0.1048951048951049,0.9375,8.9375
"knee_l_morning_stiffness_duration, knee_l_morning_stiffness, knee_l_duration_val, knee_r_morning_stiffness","knee_r_morning_stiffness_duration, knee_r_duration_val",0.11888111888111888,1.0,8.411764705882353
"knee_l_exam_creps_left, knee_r_morning_stiffness","knee_r_exam_creps_right, knee_l_morning_stiffness",0.1048951048951049,0.9375,8.37890625
"tongue_sama, knee_r_exam_swelling_non_pitting","knee_r_exam_tenderness_knee, knee_l_exam_swelling_non_pitting, knee_l_exam_tenderness_knee",0.1048951048951049,0.8333333333333333,7.944444444444444
"knee_l_morning_stiffness_duration, knee_r_duration_val","knee_l_duration_val, knee_r_morning_stiffness_duration",0.11888111888111888,0.9444444444444443,7.944444444444444
"knee_l_duration_val, knee_r_morning_stiffness_duration, knee_present","medication_ongoing, knee_r_duration_val, knee_l_morning_stiffness_duration",0.11888111888111888,1.0,7.944444444444444
"knee_r_exam_swelling_non_pitting, knee_present","tongue_sama, medication_ongoing, knee_l_exam_swelling_non_pitting, knee_l_exam_tenderness_knee",0.11188811188811189,0.8888888888888888,7.944444444444444
"tongue_sama, knee_r_exam_swelling_non_pitting, knee_l_exam_tenderness_knee","knee_r_exam_tenderness_knee, knee_l_exam_swelling_non_pitting",0.1048951048951049,0.8823529411764706,7.886029411764706
"knee_present, knee_l_exam_creps_left, knee_r_duration_val, sex_female, knee_l_exam_rom","knee_r_exam_creps_right, knee_l_duration_val, knee_r_exam_rom",0.1048951048951049,0.9375,7.886029411764706
"knee_l_exam_tenderness_knee, lumbar_present","knee_r_exam_tenderness_knee, lumbar_exam_tenderness, knee_present",0.11188811188811189,0.8421052631578948,7.526315789473685
"knee_l_exam_creps_left, knee_r_duration_val, knee_l_diag_oa_knee","knee_r_exam_creps_right, knee_r_diag_oa_knee",0.1048951048951049,1.0,7.526315789473684
"knee_l_duration_val, knee_l_morning_stiffness_duration","knee_r_duration_val, knee_r_morning_stiffness_duration",0.11888111888111888,0.8947368421052632,7.526315789473684
"knee_l_duration_val, knee_r_diag_oa_knee","knee_r_duration_val, knee_l_diag_oa_knee",0.1258741258741259,0.9473684210526316,7.526315789473684
"tongue_sama, knee_l_exam_tenderness_knee, knee_l_exam_swelling_non_pitting","knee_r_exam_swelling_non_pitting, knee_present",0.11888111888111888,0.9444444444444443,7.503086419753084
"tongue_sama, knee_l_exam_tenderness_knee, knee_l_exam_swelling_non_pitting","knee_r_exam_swelling_non_pitting, medication_ongoing",0.11188811188811189,0.8888888888888888,7.477124183006536
"knee_r_exam_swelling_non_pitting, medication_ongoing","tongue_sama, knee_l_exam_tenderness_knee, knee_l_exam_swelling_non_pitting",0.11188811188811189,0.9411764705882353,7.477124183006535
"tongue_sama, knee_l_exam_tenderness_knee, knee_present, knee_l_exam_swelling_non_pitting","knee_r_exam_tenderness_knee, knee_r_exam_swelling_non_pitting",0.1048951048951049,0.8333333333333333,7.447916666666666
"knee_r_exam_tenderness_knee, knee_present, knee_r_exam_swelling_non_pitting","tongue_sama, knee_l_exam_tenderness_knee, knee_l_exam_swelling_non_pitting",0.1048951048951049,0.9375,7.447916666666666
"knee_l_exam_creps_left, knee_l_duration_val, knee_r_duration_val, knee_r_exam_rom","knee_r_exam_creps_right, sex_female, knee_l_exam_rom",0.1048951048951049,0.8823529411764706,7.422145328719723
"medication_ongoing, knee_r_morning_stiffness_duration, sex_female","knee_l_morning_stiffness_duration, knee_l_morning_stiffness, knee_r_morning_stiffness",0.11188811188811189,1.0,7.1499999999999995
"knee_l_morning_stiffness_duration, knee_l_morning_stiffness, knee_r_morning_stiffness","knee_r_duration_val, knee_r_morning_stiffness_duration",0.11888111888111888,0.85,7.1499999999999995
"tongue_sama, knee_r_exam_swelling_non_pitting","knee_l_exam_tenderness_knee, knee_present, knee_l_exam_swelling_non_pitting",0.11888111888111888,0.9444444444444443,7.1081871345029235
"knee_l_exam_tenderness_knee, knee_l_exam_swelling_non_pitting","tongue_sama, knee_r_exam_swelling_non_pitting, knee_present",0.11888111888111888,0.8947368421052632,7.1081871345029235
"knee_l_exam_creps_left, knee_r_duration_val, knee_present, knee_l_exam_rom","knee_r_exam_creps_right, knee_l_duration_val, knee_r_exam_rom",0.11188811188811189,0.8421052631578948,7.083591331269351
"knee_r_exam_swelling_non_pitting, medication_ongoing","knee_l_exam_tenderness_knee, knee_present, knee_l_exam_swelling_non_pitting",0.11188811188811189,0.9411764705882353,7.08359133126935
"tongue_sama, medication_ongoing, knee_l_exam_swelling_non_pitting","knee_r_exam_swelling_non_pitting, knee_present",0.11188811188811189,0.8888888888888888,7.061728395061727
"knee_r_exam_creps_right, knee_l_duration_val, knee_l_diag_oa_knee","knee_l_exam_creps_left, knee_r_diag_oa_knee",0.1048951048951049,0.9375,7.055921052631579
"tongue_sama, sex_female, knee_r_morning_stiffness","stool_unsatisfactory, knee_l_morning_stiffness, knee_present",0.1048951048951049,0.8333333333333333,7.0098039215686265
"stool_unsatisfactory, knee_l_morning_stiffness, knee_present","tongue_sama, sex_female, knee_r_morning_stiffness",0.1048951048951049,0.8823529411764706,7.0098039215686265
knee_l_exam_swelling_non_pitting,"tongue_sama, knee_l_exam_tenderness_knee, knee_r_exam_swelling_non_pitting",0.11888111888111888,0.8095238095238095,6.809523809523809
"tongue_sama, knee_r_exam_swelling_non_pitting, medication_ongoing, knee_l_exam_tenderness_knee",knee_l_exam_swelling_non_pitting,0.11188811188811189,1.0,6.809523809523809
"knee_l_duration_val, knee_l_diag_oa_knee","knee_r_duration_val, knee_r_diag_oa_knee, knee_present",0.1258741258741259,0.9473684210526316,6.773684210526316
"knee_r_duration_val, knee_r_diag_oa_knee, knee_present","knee_l_duration_val, knee_l_diag_oa_knee",0.1258741258741259,0.9,6.773684210526316
"knee_r_morning_stiffness_duration, knee_l_morning_stiffness","knee_l_morning_stiffness_duration, knee_r_duration_val, medication_ongoing",0.11888111888111888,0.85,6.752777777777777
"medication_ongoing, knee_present, knee_l_duration_val, knee_l_diag_oa_knee","knee_r_duration_val, knee_r_diag_oa_knee",0.11888111888111888,0.9444444444444443,6.752777777777776
"knee_l_exam_creps_left, knee_r_diag_oa_knee, knee_present","knee_r_exam_creps_right, knee_l_diag_oa_knee",0.11888111888111888,0.8947368421052632,6.734072022160665
"tongue_sama, knee_l_morning_stiffness_duration, knee_present","knee_r_morning_stiffness_duration, knee_r_morning_stiffness",0.11188811188811189,0.9411764705882353,6.7294117647058815
"tongue_sama, knee_l_duration_val, knee_present, knee_l_diag_oa_knee","knee_r_duration_val, knee_r_diag_oa_knee",0.1048951048951049,0.9375,6.703124999999999
"medication_ongoing, knee_l_exam_swelling_non_pitting","knee_r_exam_swelling_non_pitting, knee_present",0.11188811188811189,0.8421052631578948,6.690058479532164
"tongue_sama, knee_r_exam_swelling_non_pitting","medication_ongoing, knee_l_exam_swelling_non_pitting",0.11188811188811189,0.8888888888888888,6.690058479532164
"knee_r_exam_creps_right, knee_r_duration_val, knee_r_diag_oa_knee","knee_l_duration_val, knee_l_diag_oa_knee",0.1048951048951049,0.8823529411764706,6.640866873065016
"knee_l_exam_tenderness_knee, knee_r_duration_val, knee_present, knee_r_exam_rom","knee_l_duration_val, knee_r_exam_tenderness_knee, knee_l_exam_rom",0.1048951048951049,0.8333333333333333,6.620370370370369
"knee_r_morning_stiffness_duration, sex_female, knee_present, knee_r_morning_stiffness",knee_l_morning_stiffness_duration,0.11188811188811189,1.0,6.5
knee_l_morning_stiffness_duration,"knee_r_morning_stiffness_duration, knee_r_morning_stiffness",0.13986013986013987,0.9090909090909091,6.499999999999999
"knee_present, knee_l_exam_swelling_non_pitting",knee_r_exam_swelling_non_pitting,0.11888111888111888,0.8095238095238095,6.43121693121693
"tongue_sama, knee_r_exam_swelling_non_pitting","knee_present, knee_l_exam_swelling_non_pitting",0.11888111888111888,0.9444444444444443,6.43121693121693
"knee_l_duration_val, knee_present, knee_r_exam_rom, knee_l_exam_creps_left, knee_r_duration_val","knee_r_exam_creps_right, knee_l_exam_rom",0.11188811188811189,0.9411764705882353,6.408963585434174
"knee_r_morning_stiffness_duration, knee_r_morning_stiffness","knee_l_morning_stiffness_duration, knee_l_duration_val",0.11888111888111888,0.85,6.397368421052631
"knee_l_duration_val, medication_ongoing, knee_l_morning_stiffness, knee_l_morning_stiffness_duration","knee_r_morning_stiffness_duration, knee_present",0.11888111888111888,0.8947368421052632,6.397368421052631
"knee_l_exam_creps_left, sex_female, knee_r_exam_rom","knee_r_exam_creps_right, knee_l_exam_rom",0.1048951048951049,0.9375,6.383928571428572
"knee_l_morning_stiffness_duration, sex_female","knee_r_morning_stiffness_duration, knee_present, knee_r_morning_stiffness",0.11188811188811189,0.8888888888888888,6.355555555555554
"knee_r_exam_tenderness_knee, knee_l_exam_rom","knee_l_exam_tenderness_knee, knee_present, knee_r_exam_rom",0.11188811188811189,0.8421052631578948,6.337950138504156
"knee_r_exam_creps_right, knee_l_duration_val, knee_r_exam_rom, knee_l_exam_creps_left","knee_r_duration_val, sex_female, knee_l_exam_rom",0.1048951048951049,0.8823529411764706,6.3088235294117645
"knee_r_duration_val, knee_l_diag_oa_knee","knee_l_exam_creps_left, knee_r_diag_oa_knee, knee_present",0.1048951048951049,0.8333333333333333,6.271929824561403
"tongue_sama, knee_r_duration_val, sex_female, knee_l_morning_stiffness","knee_l_duration_val, knee_r_morning_stiffness",0.1048951048951049,1.0,6.217391304347826
"knee_l_duration_val, knee_r_morning_stiffness","tongue_sama, medication_ongoing, knee_r_duration_val, knee_l_morning_stiffness",0.13286713286713286,0.8260869565217391,6.217391304347826
"knee_l_duration_val, knee_r_morning_stiffness","tongue_sama, knee_r_duration_val, knee_l_morning_stiffness, knee_present",0.13986013986013987,0.8695652173913044,6.217391304347826
"tongue_sama, knee_r_duration_val, knee_l_morning_stiffness","knee_l_duration_val, medication_ongoing, knee_r_morning_stiffness",0.13286713286713286,0.95,6.174999999999999
"knee_l_duration_val, medication_ongoing, knee_r_morning_stiffness","tongue_sama, knee_r_duration_val, knee_l_morning_stiffness, knee_present",0.13286713286713286,0.8636363636363635,6.174999999999999
"knee_l_morning_stiffness_duration, knee_r_duration_val, knee_l_morning_stiffness","medication_ongoing, knee_l_duration_val, knee_r_morning_stiffness",0.11888111888111888,0.9444444444444443,6.1388888888888875
"knee_r_duration_val, sex_female, knee_present, knee_l_exam_rom","knee_l_duration_val, knee_r_exam_rom",0.1258741258741259,0.9,6.128571428571429
"knee_l_duration_val, knee_present, knee_r_exam_rom","knee_r_duration_val, sex_female, knee_l_exam_rom",0.1258741258741259,0.8571428571428572,6.128571428571429
"knee_r_exam_creps_right, knee_l_duration_val, knee_l_exam_rom, knee_r_exam_rom","knee_l_exam_creps_left, knee_r_duration_val, sex_female",0.1048951048951049,0.9375,6.09375
"knee_r_exam_creps_right, knee_r_exam_rom","knee_l_exam_creps_left, knee_r_duration_val, knee_present, knee_l_exam_rom",0.11888111888111888,0.8095238095238095,6.092731829573935
"knee_l_exam_creps_left, knee_r_duration_val, knee_present, knee_l_exam_rom","knee_r_exam_creps_right, knee_r_exam_rom",0.11888111888111888,0.8947368421052632,6.092731829573935
knee_r_pain_walking,"knee_l_pain_walking, knee_present",0.11188811188811189,0.8888888888888888,6.052910052910053
"medication_ongoing, sex_female, knee_l_morning_stiffness, knee_r_morning_stiffness","knee_l_morning_stiffness_duration, knee_r_morning_stiffness_duration",0.11188811188811189,0.8421052631578948,6.021052631578947
"knee_l_exam_creps_left, medication_ongoing, knee_r_duration_val, knee_l_exam_rom","knee_r_exam_creps_right, knee_present, knee_r_exam_rom",0.1048951048951049,0.8823529411764706,6.008403361344538
"knee_l_duration_val, medication_ongoing, knee_present, tongue_sama, knee_r_morning_stiffness","knee_r_duration_val, knee_l_morning_stiffness",0.13286713286713286,1.0,5.958333333333333
"knee_r_duration_val, knee_l_morning_stiffness","knee_l_duration_val, medication_ongoing, knee_r_morning_stiffness",0.15384615384615385,0.9166666666666666,5.958333333333333
"knee_r_duration_val, knee_l_morning_stiffness","knee_l_duration_val, knee_present, knee_r_morning_stiffness",0.16083916083916083,0.9583333333333333,5.958333333333333
"knee_r_duration_val, knee_l_morning_stiffness","tongue_sama, knee_l_duration_val, knee_present, knee_r_morning_stiffness",0.13986013986013987,0.8333333333333334,5.958333333333333
"knee_l_exam_creps_left, knee_l_duration_val, knee_r_duration_val, knee_l_exam_rom","sex_female, knee_r_exam_rom",0.1048951048951049,0.8333333333333333,5.958333333333332
"knee_l_duration_val, knee_r_morning_stiffness","medication_ongoing, knee_r_duration_val, knee_l_morning_stiffness, knee_present",0.15384615384615385,0.9565217391304349,5.947069943289226
"tongue_sama, knee_l_duration_val, knee_r_morning_stiffness","medication_ongoing, knee_r_duration_val, knee_l_morning_stiffness",0.13286713286713286,0.95,5.906521739130435
"medication_ongoing, knee_r_duration_val, knee_l_morning_stiffness","tongue_sama, knee_l_duration_val, knee_r_morning_stiffness",0.13286713286713286,0.8260869565217391,5.906521739130435
"knee_l_duration_val, knee_l_morning_stiffness_duration","medication_ongoing, knee_r_duration_val, knee_l_morning_stiffness",0.1258741258741259,0.9473684210526316,5.890160183066362
"knee_l_morning_stiffness_duration, knee_r_duration_val, medication_ongoing, knee_l_morning_stiffness","knee_l_duration_val, knee_r_morning_stiffness",0.11888111888111888,0.9444444444444443,5.871980676328501
"medication_ongoing, knee_r_duration_val, sex_female, knee_l_morning_stiffness","knee_l_duration_val, knee_r_morning_stiffness",0.11188811188811189,0.9411764705882353,5.851662404092072
"knee_r_exam_creps_right, knee_present, knee_l_exam_rom","knee_l_exam_creps_left, knee_r_exam_rom",0.1258741258741259,0.8571428571428572,5.836734693877552
"knee_l_exam_tenderness_knee, sex_female, knee_r_exam_rom","knee_l_duration_val, knee_r_duration_val, knee_l_exam_rom",0.1048951048951049,0.9375,5.828804347826087
"knee_l_duration_val, knee_l_morning_stiffness, knee_l_morning_stiffness_duration","medication_ongoing, knee_r_duration_val, knee_present, knee_r_morning_stiffness",0.11888111888111888,0.8947368421052632,5.815789473684211
"medication_ongoing, knee_r_duration_val, knee_l_duration_val, knee_l_exam_rom","sex_female, knee_r_exam_rom",0.11888111888111888,0.8095238095238095,5.788095238095238
"sex_female, knee_r_exam_rom","medication_ongoing, knee_r_duration_val, knee_l_duration_val, knee_l_exam_rom",0.11888111888111888,0.85,5.788095238095238
"knee_l_exam_creps_left, knee_r_duration_val, urine_normal, knee_l_exam_tenderness_knee","knee_r_exam_creps_right, knee_l_duration_val, knee_r_exam_tenderness_knee",0.11188811188811189,0.8888888888888888,5.777777777777777
"knee_l_duration_val, knee_r_exam_rom, knee_l_exam_tenderness_knee","medication_ongoing, knee_r_duration_val, knee_l_exam_rom",0.1048951048951049,0.8823529411764706,5.735294117647058
"knee_l_exam_creps_left, knee_r_duration_val, knee_present, knee_l_exam_rom","knee_l_duration_val, knee_r_exam_rom",0.11188811188811189,0.8421052631578948,5.734335839598998
"knee_r_morning_stiffness_duration, knee_l_duration_val, knee_r_duration_val","medication_ongoing, knee_l_morning_stiffness, knee_r_morning_stiffness",0.11888111888111888,1.0,5.720000000000001
"knee_r_duration_val, knee_present, knee_l_exam_rom","knee_l_duration_val, knee_r_exam_rom",0.13986013986013987,0.8333333333333334,5.674603174603175
"knee_l_duration_val, knee_r_exam_rom","knee_r_duration_val, knee_present, knee_l_exam_rom",0.13986013986013987,0.9523809523809524,5.674603174603175
"knee_l_duration_val, sex_female, knee_present, knee_r_exam_rom","knee_l_exam_tenderness_knee, knee_r_duration_val, knee_l_exam_rom",0.1048951048951049,0.8333333333333333,5.674603174603174
"knee_r_duration_val, knee_present, knee_r_morning_stiffness","tongue_sama, knee_l_duration_val, knee_l_morning_stiffness",0.13986013986013987,0.8695652173913044,5.6521739130434785
"tongue_sama, knee_l_duration_val, knee_l_morning_stiffness, knee_present","knee_r_duration_val, knee_r_morning_stiffness",0.13986013986013987,0.9090909090909091,5.6521739130434785
"knee_l_exam_tenderness_knee, knee_r_exam_rom","knee_r_duration_val, knee_present, knee_l_exam_rom",0.1258741258741259,0.9473684210526316,5.644736842105264
"knee_r_duration_val, knee_l_diag_oa_knee","medication_ongoing, knee_r_diag_oa_knee, knee_present",0.11888111888111888,0.9444444444444443,5.627314814814814
"knee_r_duration_val, knee_present, knee_r_morning_stiffness","tongue_sama, knee_l_duration_val, medication_ongoing, knee_l_morning_stiffness",0.13286713286713286,0.8260869565217391,5.625258799171843
"tongue_sama, knee_l_duration_val, medication_ongoing, knee_l_morning_stiffness","knee_r_duration_val, knee_present, knee_r_morning_stiffness",0.13286713286713286,0.9047619047619048,5.625258799171843
"medication_ongoing, knee_r_duration_val, knee_r_morning_stiffness","tongue_sama, knee_l_duration_val, knee_l_morning_stiffness, knee_present",0.13286713286713286,0.8636363636363635,5.613636363636362
"knee_l_duration_val, knee_r_exam_tenderness_knee, knee_r_exam_rom","knee_r_duration_val, knee_l_exam_rom",0.11188811188811189,0.9411764705882353,5.607843137254902
"sex_female, knee_present, knee_r_exam_rom","knee_l_duration_val, knee_r_duration_val, knee_l_exam_rom",0.1258741258741259,0.9,5.595652173913044
"knee_l_exam_creps_left, knee_r_exam_rom, knee_l_exam_tenderness_knee","knee_r_duration_val, knee_l_exam_rom",0.1048951048951049,0.9375,5.5859375
"medication_ongoing, knee_r_duration_val, knee_present, knee_l_exam_rom","knee_l_duration_val, knee_r_exam_rom",0.1258741258741259,0.8181818181818182,5.571428571428572
"knee_l_duration_val, knee_r_exam_rom","medication_ongoing, knee_r_duration_val, knee_l_exam_rom",0.1258741258741259,0.8571428571428572,5.571428571428571
"knee_l_morning_stiffness_duration, medication_ongoing, knee_l_duration_val","knee_r_duration_val, knee_r_morning_stiffness",0.11888111888111888,0.8947368421052632,5.562929061784898
"knee_l_exam_creps_left, knee_l_duration_val, gas, knee_present","knee_r_exam_creps_right, medication_ongoing, knee_r_duration_val, tongue_sama",0.11188811188811189,0.8888888888888888,5.526570048309178
"knee_l_morning_stiffness_duration, knee_r_morning_stiffness_duration","medication_ongoing, knee_r_duration_val, knee_l_duration_val, knee_r_morning_stiffness",0.11888111888111888,0.85,5.5249999999999995
"knee_l_duration_val, knee_present, knee_r_exam_rom","knee_l_exam_tenderness_knee, knee_r_duration_val, knee_l_exam_rom",0.11888111888111888,0.8095238095238095,5.512471655328798
"knee_r_morning_stiffness_duration, knee_l_morning_stiffness_duration, knee_r_duration_val, knee_r_morning_stiffness","knee_l_duration_val, knee_l_morning_stiffness",0.11888111888111888,1.0,5.5
"knee_l_duration_val, knee_l_morning_stiffness","medication_ongoing, knee_r_duration_val, knee_present, knee_r_morning_stiffness",0.15384615384615385,0.8461538461538461,5.5
"knee_l_duration_val, knee_l_morning_stiffness, knee_present","knee_r_duration_val, knee_r_morning_stiffness",0.16083916083916083,0.8846153846153846,5.5
"knee_l_exam_creps_left, knee_l_duration_val, knee_present, knee_r_exam_rom","knee_r_exam_creps_right, knee_r_duration_val, sex_female",0.1048951048951049,0.8823529411764706,5.485933503836317
"knee_l_exam_creps_left, knee_r_duration_val, sex_female, knee_l_exam_tenderness_knee","knee_r_exam_creps_right, knee_l_duration_val, knee_r_exam_tenderness_knee, knee_present",0.11188811188811189,0.8421052631578948,5.473684210526316
"knee_r_duration_val, knee_r_morning_stiffness","knee_l_duration_val, medication_ongoing, knee_l_morning_stiffness, knee_present",0.15384615384615385,0.9565217391304349,5.471304347826088
"knee_l_duration_val, medication_ongoing, knee_l_morning_stiffness","knee_r_duration_val, knee_present, knee_r_morning_stiffness",0.15384615384615385,0.8800000000000001,5.471304347826088
"tongue_sama, knee_l_duration_val, knee_r_duration_val, knee_l_morning_stiffness","medication_ongoing, knee_r_morning_stiffness",0.13286713286713286,0.95,5.434
"medication_ongoing, knee_present, tongue_sama, knee_l_exam_creps_left, knee_r_duration_val, knee_l_exam_tenderness_knee","knee_r_exam_creps_right, knee_l_duration_val, knee_r_exam_tenderness_knee",0.1048951048951049,0.8333333333333333,5.416666666666666
"knee_l_morning_stiffness_duration, knee_r_duration_val, knee_l_duration_val","medication_ongoing, knee_l_morning_stiffness, knee_r_morning_stiffness",0.11888111888111888,0.9444444444444443,5.402222222222222
"tongue_sama, medication_ongoing, knee_r_morning_stiffness","knee_l_duration_val, knee_r_duration_val, knee_l_morning_stiffness, knee_present",0.13286713286713286,0.9047619047619048,5.390873015873016
"tongue_sama, knee_l_morning_stiffness_duration, knee_present","medication_ongoing, knee_r_morning_stiffness",0.11188811188811189,0.9411764705882353,5.383529411764706
"knee_l_duration_val, surgery_other, knee_l_morning_stiffness, knee_present","medication_ongoing, knee_r_morning_stiffness",0.1048951048951049,0.9375,5.3625
"sex_female, knee_r_exam_rom","knee_r_duration_val, knee_l_exam_rom",0.1258741258741259,0.9,5.3625
"knee_l_exam_creps_left, knee_r_duration_val, gas","knee_r_exam_creps_right, knee_l_duration_val, knee_present, tongue_sama",0.11888111888111888,0.8947368421052632,5.331140350877193
"medication_ongoing, knee_r_morning_stiffness_duration, knee_l_morning_stiffness","knee_present, knee_r_morning_stiffness",0.13986013986013987,1.0,5.296296296296297
"knee_l_duration_val, knee_r_exam_tenderness_knee, knee_l_exam_rom","knee_r_duration_val, knee_r_exam_rom",0.11188811188811189,0.8888888888888888,5.296296296296296
"medication_ongoing, knee_r_morning_stiffness_duration, knee_l_morning_stiffness_duration","knee_l_duration_val, knee_l_morning_stiffness, knee_present, knee_r_duration_val, knee_r_morning_stiffness",0.11888111888111888,0.85,5.284782608695652
"knee_r_exam_creps_right, sex_female, knee_present, knee_l_exam_rom","knee_r_duration_val, knee_r_exam_rom",0.1048951048951049,0.8823529411764706,5.25735294117647
"medication_ongoing, knee_r_morning_stiffness","knee_l_duration_val, knee_r_duration_val, knee_l_morning_stiffness, knee_present",0.15384615384615385,0.8800000000000001,5.243333333333334
"knee_r_duration_val, knee_l_morning_stiffness, knee_present","medication_ongoing, knee_r_morning_stiffness",0.15384615384615385,0.9166666666666666,5.243333333333333
"medication_ongoing, sex_female, knee_l_morning_stiffness, knee_l_duration_val","knee_r_duration_val, knee_r_morning_stiffness",0.11188811188811189,0.8421052631578948,5.235697940503433
"knee_l_exam_creps_left, knee_l_duration_val, knee_r_exam_tenderness_knee","knee_r_exam_creps_right, knee_l_exam_tenderness_knee, knee_r_duration_val",0.13986013986013987,0.9090909090909091,5.2
"knee_l_exam_creps_left, knee_l_duration_val, gas","knee_r_exam_creps_right, tongue_sama, knee_r_duration_val, knee_present",0.11888111888111888,0.9444444444444443,5.194444444444444
"tongue_sama, knee_r_morning_stiffness","knee_r_duration_val, knee_l_morning_stiffness",0.13986013986013987,0.8695652173913044,5.181159420289855
"knee_l_duration_val, knee_r_duration_val, knee_l_morning_stiffness","tongue_sama, knee_present, knee_r_morning_stiffness",0.13986013986013987,0.8333333333333334,5.181159420289855
"knee_l_exam_creps_left, knee_present, knee_l_exam_rom, knee_r_exam_rom","knee_r_exam_creps_right, knee_r_duration_val, sex_female",0.1048951048951049,0.8333333333333333,5.1811594202898545
"knee_r_exam_creps_right, knee_r_exam_tenderness_knee, knee_r_duration_val, sex_female","knee_l_exam_creps_left, knee_l_duration_val, knee_l_exam_tenderness_knee",0.11188811188811189,0.9411764705882353,5.1764705882352935
"knee_l_duration_val, knee_present, knee_r_exam_creps_right, knee_l_exam_creps_left, knee_r_duration_val, sex_female, knee_l_exam_rom",knee_r_exam_rom,0.1048951048951049,0.9375,5.15625
cervical_exam_tenderness,"cervical_present, tongue_sama",0.1258741258741259,0.9,5.148000000000001
"tongue_sama, knee_r_morning_stiffness","medication_ongoing, knee_r_duration_val, knee_l_morning_stiffness",0.13286713286713286,0.8260869565217391,5.136105860113422
"knee_l_duration_val, knee_r_exam_tenderness_knee, knee_present, tongue_sama, knee_l_exam_creps_left","knee_r_exam_creps_right, knee_l_exam_tenderness_knee, knee_r_duration_val",0.11888111888111888,0.8947368421052632,5.117894736842105
"knee_present, knee_r_exam_rom, knee_r_duration_val, sex_female, knee_l_exam_tenderness_knee","knee_l_duration_val, knee_l_exam_rom",0.1048951048951049,1.0,5.107142857142857
knee_l_morning_stiffness_duration,"medication_ongoing, knee_r_duration_val, knee_l_morning_stiffness",0.1258741258741259,0.8181818181818182,5.086956521739131
"knee_l_duration_val, knee_r_duration_val, sex_female, knee_l_morning_stiffness","medication_ongoing, knee_r_morning_stiffness",0.11188811188811189,0.8888888888888888,5.084444444444444
"knee_present, knee_r_morning_stiffness","knee_r_duration_val, knee_l_morning_stiffness",0.16083916083916083,0.8518518518518519,5.075617283950617
"knee_r_duration_val, knee_l_morning_stiffness",knee_r_morning_stiffness,0.16083916083916083,0.9583333333333333,5.075617283950617
"knee_l_duration_val, knee_r_duration_val, medication_ongoing, knee_l_morning_stiffness",knee_r_morning_stiffness,0.15384615384615385,0.9565217391304349,5.066022544283415
knee_r_morning_stiffness,"knee_l_duration_val, medication_ongoing, knee_l_morning_stiffness, knee_present, knee_r_duration_val",0.15384615384615385,0.8148148148148149,5.066022544283414
"medication_ongoing, knee_r_morning_stiffness_duration, knee_present","knee_r_duration_val, knee_l_morning_stiffness",0.11888111888111888,0.85,5.064583333333333
"knee_r_exam_creps_right, knee_r_duration_val, knee_l_exam_rom, knee_r_exam_rom","knee_l_exam_creps_left, knee_l_duration_val, sex_female, knee_present",0.1048951048951049,0.8823529411764706,5.047058823529412
"knee_r_exam_creps_right, knee_l_exam_creps_left, knee_l_diag_oa_knee","medication_ongoing, knee_r_diag_oa_knee, knee_present",0.11188811188811189,0.8421052631578948,5.017543859649123
"knee_l_duration_val, knee_r_diag_oa_knee",knee_l_diag_oa_knee,0.1258741258741259,0.9473684210526316,5.017543859649123
"knee_l_morning_stiffness_duration, knee_r_duration_val, knee_l_morning_stiffness",knee_r_morning_stiffness,0.11888111888111888,0.9444444444444443,5.0020576131687235
"medication_ongoing, knee_l_duration_val, knee_l_morning_stiffness, knee_r_duration_val, sex_female",knee_r_morning_stiffness,0.11188811188811189,0.9411764705882353,4.984749455337691
"knee_l_exam_tenderness_knee, knee_r_duration_val, urine_normal","knee_l_duration_val, knee_r_exam_tenderness_knee",0.13286713286713286,0.9047619047619048,4.976190476190476
"knee_l_duration_val, surgery_other, medication_ongoing, knee_l_morning_stiffness","knee_present, knee_r_morning_stiffness",0.1048951048951049,0.9375,4.965277777777778
"knee_r_exam_tenderness_knee, medication_ongoing, knee_l_exam_creps_left, knee_r_duration_val, knee_l_exam_tenderness_knee","knee_r_exam_creps_right, knee_l_duration_val, knee_present, tongue_sama",0.1048951048951049,0.8333333333333333,4.965277777777777
"knee_r_duration_val, sex_female, knee_l_exam_rom",knee_r_exam_rom,0.1258741258741259,0.9,4.95
"knee_l_exam_creps_left, knee_r_duration_val, sex_female, knee_present","knee_r_exam_creps_right, knee_l_duration_val, knee_l_exam_tenderness_knee",0.13286713286713286,0.8636363636363635,4.9399999999999995
"knee_r_exam_creps_right, sex_female, knee_l_exam_rom, knee_r_exam_rom","knee_l_exam_creps_left, knee_l_duration_val, knee_r_duration_val, knee_present",0.1048951048951049,1.0,4.931034482758621
"medication_ongoing, knee_present, knee_r_exam_rom","knee_r_duration_val, knee_l_exam_rom",0.13286713286713286,0.8260869565217391,4.922101449275362
"knee_r_exam_creps_right, knee_l_duration_val, knee_r_exam_tenderness_knee, medication_ongoing","tongue_sama, knee_l_exam_creps_left, knee_r_duration_val",0.11888111888111888,0.8947368421052632,4.921052631578947
"knee_r_exam_creps_right, knee_present, knee_r_exam_rom","knee_l_exam_creps_left, knee_l_exam_rom",0.1258741258741259,0.8571428571428572,4.902857142857143
"knee_l_exam_creps_left, knee_r_duration_val, urine_normal, knee_l_exam_tenderness_knee","knee_l_duration_val, knee_r_exam_tenderness_knee",0.11188811188811189,0.8888888888888888,4.888888888888888
knee_l_morning_stiffness_duration,"knee_l_duration_val, knee_r_duration_val, knee_l_morning_stiffness, knee_present",0.1258741258741259,0.8181818181818182,4.875
"medication_ongoing, knee_present, knee_l_exam_creps_left, knee_r_duration_val, sex_female","knee_r_exam_creps_right, knee_l_duration_val, knee_l_exam_tenderness_knee",0.11888111888111888,0.85,4.862
knee_l_diag_oa_knee,"medication_ongoing, knee_r_diag_oa_knee",0.15384615384615385,0.8148148148148149,4.854938271604938
"medication_ongoing, knee_r_diag_oa_knee, knee_present",knee_l_diag_oa_knee,0.15384615384615385,0.9166666666666666,4.854938271604938
"knee_l_duration_val, knee_r_exam_tenderness_knee, medication_ongoing, knee_present, knee_l_exam_creps_left, knee_l_exam_tenderness_knee","knee_r_exam_creps_right, tongue_sama, knee_r_duration_val",0.1048951048951049,0.8823529411764706,4.852941176470588
"medication_ongoing, knee_r_morning_stiffness","knee_l_duration_val, knee_l_morning_stiffness, knee_present",0.15384615384615385,0.8800000000000001,4.840000000000001
"knee_l_duration_val, knee_l_morning_stiffness, knee_present","medication_ongoing, knee_r_morning_stiffness",0.15384615384615385,0.8461538461538461,4.84
"knee_r_duration_val, sex_female, knee_r_exam_rom","knee_l_duration_val, knee_present, knee_l_exam_rom",0.1258741258741259,0.9473684210526316,4.838345864661655
"knee_r_exam_creps_right, knee_r_exam_rom","knee_r_duration_val, knee_l_exam_rom",0.11888111888111888,0.8095238095238095,4.823412698412699
"medication_ongoing, knee_present, knee_r_exam_rom, knee_r_duration_val, sex_female","knee_l_duration_val, knee_l_exam_rom",0.11888111888111888,0.9444444444444443,4.823412698412698
"knee_r_exam_creps_right, medication_ongoing, knee_present, knee_l_exam_rom","knee_l_exam_creps_left, knee_l_duration_val, sex_female",0.11188811188811189,0.8421052631578948,4.8168421052631585
knee_l_morning_stiffness_duration,knee_r_morning_stiffness,0.13986013986013987,0.9090909090909091,4.814814814814815
knee_r_exam_rom,"knee_r_duration_val, knee_present, knee_l_exam_rom",0.14685314685314685,0.8076923076923076,4.812499999999999
"knee_r_duration_val, knee_l_exam_rom","knee_present, knee_r_exam_rom",0.14685314685314685,0.8749999999999999,4.812499999999999
"knee_r_exam_creps_right, knee_l_duration_val, gas, tongue_sama","knee_l_exam_creps_left, medication_ongoing, knee_r_duration_val",0.11188811188811189,0.9411764705882353,4.80672268907563
"tongue_sama, knee_l_duration_val, medication_ongoing, knee_l_morning_stiffness",knee_r_morning_stiffness,0.13286713286713286,0.9047619047619048,4.791887125220459
"knee_l_exam_tenderness_knee, sex_female, knee_present, knee_r_exam_rom","knee_l_duration_val, knee_l_exam_rom",0.1048951048951049,0.9375,4.787946428571429
"knee_l_duration_val, knee_r_duration_val, knee_l_exam_rom","knee_present, knee_r_exam_rom",0.13986013986013987,0.8695652173913044,4.782608695652174
"knee_l_morning_stiffness_duration, urine_normal","medication_ongoing, knee_l_morning_stiffness, knee_present",0.1048951048951049,1.0,4.766666666666667
"knee_l_duration_val, medication_ongoing, knee_present, knee_r_exam_creps_right, tongue_sama, knee_l_exam_tenderness_knee","knee_l_exam_creps_left, knee_r_exam_tenderness_knee, knee_r_duration_val",0.1048951048951049,0.8333333333333333,4.766666666666667
"tongue_sama, knee_r_diag_oa_knee",knee_l_diag_oa_knee,0.1258741258741259,0.9,4.766666666666667
"medication_ongoing, knee_l_morning_stiffness_duration","knee_l_duration_val, knee_l_morning_stiffness",0.13286713286713286,0.8636363636363635,4.749999999999999
"knee_r_exam_creps_right, knee_r_diag_oa_knee, knee_present",knee_l_diag_oa_knee,0.11888111888111888,0.8947368421052632,4.73879142300195
"knee_l_duration_val, knee_r_morning_stiffness","tongue_sama, medication_ongoing, knee_l_morning_stiffness",0.13286713286713286,0.8260869565217391,4.725217391304348
"knee_l_exam_tenderness_knee, knee_r_duration_val, knee_present, knee_l_exam_rom",knee_r_exam_rom,0.1258741258741259,0.8571428571428572,4.714285714285714
"knee_l_exam_creps_left, medication_ongoing, knee_present, knee_l_diag_oa_knee",knee_r_diag_oa_knee,0.11188811188811189,0.8888888888888888,4.707818930041152
knee_r_morning_stiffness,"knee_l_duration_val, knee_l_morning_stiffness",0.16083916083916083,0.8518518518518519,4.685185185185185
"knee_l_duration_val, knee_l_morning_stiffness",knee_r_morning_stiffness,0.16083916083916083,0.8846153846153846,4.685185185185185
"knee_l_duration_val, knee_r_exam_tenderness_knee, sex_female","knee_l_exam_tenderness_knee, knee_r_duration_val",0.13286713286713286,0.95,4.68448275862069
"medication_ongoing, knee_l_morning_stiffness_duration, knee_present, knee_r_morning_stiffness_duration, knee_r_morning_stiffness","knee_l_duration_val, knee_l_morning_stiffness",0.11888111888111888,0.85,4.675
"knee_r_exam_creps_right, knee_l_duration_val, knee_r_exam_rom","sex_female, knee_l_exam_rom",0.1048951048951049,0.8823529411764706,4.673202614379085
"knee_r_exam_tenderness_knee, knee_present, knee_l_exam_rom","knee_l_exam_tenderness_knee, knee_r_duration_val",0.1258741258741259,0.9473684210526316,4.671506352087115
"knee_l_duration_val, medication_ongoing, knee_l_morning_stiffness, knee_present",knee_r_morning_stiffness,0.15384615384615385,0.8800000000000001,4.660740740740741
knee_r_morning_stiffness,"knee_l_duration_val, medication_ongoing, knee_l_morning_stiffness",0.15384615384615385,0.8148148148148149,4.660740740740741
"knee_l_duration_val, knee_r_exam_tenderness_knee, medication_ongoing, knee_present, sex_female","knee_l_exam_tenderness_knee, knee_r_duration_val",0.11888111888111888,0.9444444444444443,4.657088122605364
"knee_l_exam_creps_left, knee_r_duration_val, sex_female","knee_r_exam_creps_right, knee_l_duration_val, medication_ongoing, knee_present",0.13986013986013987,0.9090909090909091,4.642857142857142
"knee_l_exam_creps_left, knee_l_duration_val, knee_r_exam_tenderness_knee, sex_female","knee_l_exam_tenderness_knee, knee_r_duration_val",0.11188811188811189,0.9411764705882353,4.640973630831644
"knee_r_exam_creps_right, knee_r_exam_tenderness_knee, gas, knee_present","tongue_sama, knee_l_exam_creps_left, knee_r_duration_val",0.11188811188811189,0.8421052631578948,4.631578947368421
"tongue_sama, knee_l_duration_val, knee_r_exam_tenderness_knee, knee_present","knee_r_exam_creps_right, knee_l_exam_tenderness_knee, knee_r_duration_val",0.11888111888111888,0.8095238095238095,4.630476190476191
"knee_l_exam_creps_left, knee_l_duration_val, knee_r_diag_oa_knee, knee_present","knee_r_exam_creps_right, medication_ongoing, knee_r_duration_val",0.1048951048951049,0.9375,4.622844827586207
"knee_r_exam_tenderness_knee, knee_l_exam_swelling_non_pitting, knee_r_exam_swelling_non_pitting","tongue_sama, knee_l_exam_tenderness_knee, knee_present",0.1048951048951049,1.0,4.612903225806452
"knee_l_duration_val, knee_r_duration_val, knee_r_morning_stiffness","tongue_sama, knee_l_morning_stiffness",0.13986013986013987,0.8695652173913044,4.60547504025765
"knee_l_duration_val, surgery_other_duration_days","surgery_other, knee_r_duration_val, knee_present",0.1258741258741259,0.9,4.5964285714285715
"knee_present, urine_normal, knee_r_morning_stiffness","knee_l_duration_val, knee_l_morning_stiffness",0.1048951048951049,0.8333333333333333,4.583333333333333
"knee_l_duration_val, medication_ongoing, knee_present, knee_r_morning_stiffness","tongue_sama, knee_l_morning_stiffness",0.13286713286713286,0.8636363636363635,4.5740740740740735
"knee_r_exam_tenderness_knee, knee_l_exam_rom","knee_l_duration_val, knee_r_duration_val, knee_present, knee_l_exam_tenderness_knee",0.11888111888111888,0.8947368421052632,4.569548872180451
"knee_r_duration_val, knee_r_morning_stiffness","medication_ongoing, knee_l_morning_stiffness",0.15384615384615385,0.9565217391304349,4.5594202898550735
"knee_l_duration_val, knee_r_exam_tenderness_knee","knee_l_exam_tenderness_knee, knee_r_duration_val",0.16783216783216784,0.9230769230769231,4.551724137931035
"knee_l_exam_tenderness_knee, knee_r_duration_val","knee_l_duration_val, knee_r_exam_tenderness_knee, knee_present",0.16783216783216784,0.8275862068965518,4.551724137931035
"knee_r_exam_creps_right, knee_r_duration_val, sex_female","knee_l_exam_creps_left, knee_l_duration_val, knee_present, knee_l_exam_tenderness_knee",0.13286713286713286,0.8260869565217391,4.543478260869565
"urine_normal, knee_l_diag_oa_knee",knee_r_diag_oa_knee,0.1258741258741259,0.8571428571428572,4.53968253968254
"knee_l_exam_creps_left, knee_l_duration_val, medication_ongoing, knee_l_exam_rom","knee_r_exam_creps_right, sex_female",0.11188811188811189,0.8888888888888888,4.5396825396825395
"tongue_sama, knee_r_duration_val, knee_present, knee_r_morning_stiffness","medication_ongoing, knee_l_morning_stiffness",0.13286713286713286,0.95,4.528333333333333
knee_l_diag_oa_knee,knee_r_diag_oa_knee,0.16083916083916083,0.8518518518518519,4.5116598079561046
"knee_l_duration_val, knee_r_exam_tenderness_knee, knee_r_exam_creps_right, tongue_sama, knee_l_exam_tenderness_knee","knee_l_exam_creps_left, medication_ongoing, knee_r_duration_val, knee_present",0.1048951048951049,0.8823529411764706,4.506302521008403
"knee_l_duration_val, knee_r_exam_tenderness_knee, medication_ongoing","knee_l_exam_tenderness_knee, knee_r_duration_val, knee_present",0.14685314685314685,0.9130434782608696,4.50224887556222
"medication_ongoing, knee_present, urine_normal, knee_l_diag_oa_knee",knee_r_diag_oa_knee,0.11888111888111888,0.85,4.5018518518518515
"urine_normal, knee_r_morning_stiffness","medication_ongoing, knee_l_morning_stiffness, knee_present",0.11888111888111888,0.9444444444444443,4.5018518518518515
"medication_ongoing, knee_present, knee_l_morning_stiffness_duration","sex_female, knee_l_morning_stiffness",0.1258741258741259,0.8181818181818182,4.5
"knee_l_exam_creps_left, knee_r_exam_tenderness_knee, medication_ongoing, sex_female","knee_r_exam_creps_right, knee_l_exam_tenderness_knee, knee_present",0.11188811188811189,0.9411764705882353,4.486274509803922
"knee_l_exam_creps_left, knee_l_duration_val, knee_r_exam_tenderness_knee","knee_l_exam_tenderness_knee, knee_r_duration_val, knee_present",0.13986013986013987,0.9090909090909091,4.482758620689656
"knee_r_exam_creps_right, tongue_sama, knee_r_duration_val, sex_female","knee_l_exam_creps_left, knee_l_duration_val, knee_present",0.11188811188811189,1.0,4.46875
"knee_r_exam_tenderness_knee, knee_r_duration_val, sex_female, knee_l_exam_rom","knee_l_duration_val, knee_l_exam_tenderness_knee",0.1048951048951049,0.9375,4.46875
knee_l_morning_stiffness,"knee_present, knee_r_morning_stiffness",0.1888111888111888,0.84375,4.46875
"knee_r_exam_creps_right, knee_l_duration_val, tongue_sama","knee_l_exam_creps_left, medication_ongoing, knee_r_duration_val, knee_present",0.14685314685314685,0.8749999999999999,4.468749999999999
"tongue_sama, knee_l_duration_val, knee_r_exam_tenderness_knee, knee_present","knee_l_exam_tenderness_knee, knee_r_duration_val",0.13286713286713286,0.9047619047619048,4.461412151067324
"medication_ongoing, sex_female, knee_present, knee_r_morning_stiffness","tongue_sama, knee_l_morning_stiffness",0.11188811188811189,0.8421052631578948,4.4600389863547765
"knee_l_exam_tenderness_knee, knee_r_duration_val, knee_l_exam_rom","knee_l_duration_val, knee_r_exam_tenderness_knee",0.11888111888111888,0.8095238095238095,4.4523809523809526
"medication_ongoing, knee_present, knee_r_morning_stiffness","tongue_sama, knee_l_morning_stiffness",0.14685314685314685,0.84,4.448888888888889
"knee_l_duration_val, knee_r_exam_tenderness_knee","medication_ongoing, knee_r_duration_val, knee_l_exam_tenderness_knee",0.14685314685314685,0.8076923076923076,4.442307692307692
"knee_r_exam_creps_right, knee_r_duration_val, sex_female","knee_l_exam_creps_left, knee_l_duration_val, medication_ongoing, knee_present",0.13986013986013987,0.8695652173913044,4.440993788819876
"knee_r_exam_creps_right, knee_l_exam_tenderness_knee, urine_normal","knee_l_exam_creps_left, knee_l_duration_val, knee_r_duration_val",0.1258741258741259,0.9,4.437931034482759
"knee_l_exam_creps_left, knee_r_duration_val, knee_l_exam_tenderness_knee","knee_r_exam_creps_right, knee_l_duration_val, knee_present",0.16783216783216784,0.9600000000000001,4.428387096774194
"medication_ongoing, knee_l_morning_stiffness, nidra_disturbed",knee_r_morning_stiffness,0.1048951048951049,0.8333333333333333,4.41358024691358
knee_r_morning_stiffness,"medication_ongoing, knee_l_morning_stiffness, knee_present",0.17482517482517482,0.9259259259259259,4.41358024691358
"knee_l_exam_creps_left, knee_r_duration_val, urine_normal","knee_r_exam_creps_right, knee_l_duration_val",0.15384615384615385,0.9565217391304349,4.41234221598878
"knee_l_duration_val, knee_r_exam_tenderness_knee, knee_present, knee_r_exam_creps_right, tongue_sama, knee_l_exam_creps_left","knee_l_exam_tenderness_knee, knee_r_duration_val",0.11888111888111888,0.8947368421052632,4.411978221415608
"knee_r_exam_creps_right, knee_l_duration_val, knee_r_exam_tenderness_knee","knee_l_exam_creps_left, medication_ongoing, knee_r_duration_val",0.13286713286713286,0.8636363636363635,4.410714285714285
"knee_l_exam_creps_left, medication_ongoing, knee_r_duration_val, knee_l_exam_tenderness_knee","knee_r_exam_creps_right, knee_l_duration_val, knee_present",0.14685314685314685,0.9545454545454545,4.403225806451613
"knee_l_exam_creps_left, knee_r_exam_tenderness_knee, knee_r_duration_val, knee_l_exam_tenderness_knee","knee_r_exam_creps_right, knee_l_duration_val, knee_present",0.13986013986013987,0.9523809523809524,4.3932411674347165
"knee_l_exam_creps_left, knee_l_duration_val, knee_r_exam_tenderness_knee, urine_normal","knee_l_exam_tenderness_knee, knee_r_duration_val",0.11188811188811189,0.8888888888888888,4.383141762452107
"tongue_sama, knee_l_exam_creps_left, knee_r_duration_val, knee_l_exam_tenderness_knee","knee_r_exam_creps_right, knee_l_duration_val, knee_present",0.13286713286713286,0.95,4.3822580645161295
"knee_l_exam_creps_left, knee_r_duration_val, knee_l_exam_rom","knee_r_exam_creps_right, knee_l_duration_val",0.1258741258741259,0.9473684210526316,4.3701188455008495
"medication_ongoing, knee_present, tongue_sama, knee_l_exam_creps_left, knee_r_duration_val, knee_l_exam_tenderness_knee","knee_r_exam_creps_right, knee_l_duration_val",0.11888111888111888,0.9444444444444443,4.356630824372759
"tongue_sama, knee_r_morning_stiffness","medication_ongoing, knee_l_morning_stiffness",0.14685314685314685,0.9130434782608696,4.352173913043479
"knee_l_duration_val, knee_r_exam_tenderness_knee, medication_ongoing, knee_r_exam_creps_right, tongue_sama","knee_l_exam_tenderness_knee, knee_r_duration_val, knee_present",0.1048951048951049,0.8823529411764706,4.350912778904665
"knee_l_exam_creps_left, knee_r_duration_val, knee_l_exam_rom, knee_l_exam_tenderness_knee","knee_r_exam_creps_right, knee_l_duration_val",0.11188811188811189,0.9411764705882353,4.341555977229602
"knee_l_duration_val, knee_r_exam_tenderness_knee, knee_present, knee_r_exam_creps_right, knee_l_exam_tenderness_knee","knee_l_exam_creps_left, medication_ongoing, knee_r_duration_val",0.11888111888111888,0.85,4.3410714285714285
"tongue_sama, knee_l_diag_oa_knee","knee_r_diag_oa_knee, knee_present",0.1258741258741259,0.8181818181818182,4.333333333333334
"knee_l_duration_val, knee_r_exam_tenderness_knee, medication_ongoing, knee_present, knee_l_exam_creps_left, knee_l_exam_tenderness_knee","knee_r_exam_creps_right, knee_r_duration_val",0.11888111888111888,1.0,4.333333333333333
"knee_l_exam_creps_left, knee_l_duration_val, knee_r_exam_tenderness_knee, knee_r_duration_val","knee_r_exam_creps_right, knee_l_exam_tenderness_knee, knee_present",0.13986013986013987,0.9090909090909091,4.333333333333333
"knee_r_exam_tenderness_knee, medication_ongoing, tongue_sama, knee_l_exam_creps_left, knee_r_duration_val, knee_l_exam_tenderness_knee","knee_r_exam_creps_right, knee_l_duration_val, knee_present",0.1048951048951049,0.9375,4.324596774193549
"sex_female, knee_r_morning_stiffness","medication_ongoing, knee_l_morning_stiffness, knee_present",0.13286713286713286,0.9047619047619048,4.3126984126984125
"knee_l_exam_creps_left, knee_r_duration_val, knee_l_exam_rom","knee_r_exam_creps_right, sex_female",0.11188811188811189,0.8421052631578948,4.3007518796992485
"knee_r_exam_creps_right, knee_l_duration_val, knee_present, knee_l_exam_tenderness_knee","knee_l_exam_creps_left, medication_ongoing, knee_r_duration_val",0.14685314685314685,0.84,4.29
"knee_r_exam_creps_right, tongue_sama, knee_r_duration_val, knee_l_exam_tenderness_knee","knee_l_exam_creps_left, knee_r_exam_tenderness_knee",0.1258741258741259,0.9,4.29
"knee_r_exam_creps_right, knee_l_exam_tenderness_knee, knee_r_duration_val","knee_l_exam_creps_left, knee_l_duration_val",0.16783216783216784,0.9600000000000001,4.29
"stool_unsatisfactory, sex_female, knee_present","tongue_sama, knee_l_morning_stiffness",0.11888111888111888,0.8095238095238095,4.287477954144621
"knee_l_exam_creps_left, medication_ongoing, knee_r_duration_val, knee_present","knee_r_exam_creps_right, knee_l_duration_val",0.18181818181818182,0.9285714285714286,4.283410138248849
"knee_r_exam_creps_right, knee_l_duration_val, knee_present","knee_l_exam_creps_left, medication_ongoing, knee_r_duration_val",0.18181818181818182,0.8387096774193549,4.283410138248848
"knee_r_exam_creps_right, knee_l_duration_val, tongue_sama","knee_l_exam_creps_left, knee_r_duration_val",0.16083916083916083,0.9583333333333333,4.282552083333333
"sex_female, knee_l_morning_stiffness","knee_present, knee_r_morning_stiffness",0.14685314685314685,0.8076923076923076,4.277777777777778
"knee_r_exam_creps_right, knee_r_duration_val, sex_female, knee_present","knee_l_exam_creps_left, knee_l_duration_val",0.15384615384615385,0.9565217391304349,4.274456521739131
"knee_l_duration_val, medication_ongoing, knee_present, knee_r_exam_creps_right, tongue_sama","knee_l_exam_creps_left, knee_r_duration_val",0.14685314685314685,0.9545454545454545,4.265625
"knee_l_duration_val, knee_r_exam_tenderness_knee, tongue_sama, knee_l_exam_creps_left, knee_r_duration_val","knee_r_exam_creps_right, knee_l_exam_tenderness_knee, knee_present",0.11888111888111888,0.8947368421052632,4.264912280701754
"knee_l_exam_creps_left, knee_l_duration_val, knee_r_exam_tenderness_knee","knee_r_exam_creps_right, medication_ongoing, knee_r_duration_val, knee_present",0.13286713286713286,0.8636363636363635,4.258620689655173
"knee_r_exam_creps_right, medication_ongoing, knee_r_duration_val, sex_female","knee_l_exam_creps_left, knee_l_duration_val",0.13986013986013987,0.9523809523809524,4.255952380952381
"knee_r_duration_val, knee_r_exam_rom","knee_l_duration_val, knee_present, knee_l_exam_rom",0.13986013986013987,0.8333333333333334,4.255952380952381
"knee_r_exam_creps_right, knee_l_exam_tenderness_knee, knee_present, knee_l_exam_rom","knee_l_exam_creps_left, medication_ongoing, knee_r_duration_val",0.1048951048951049,0.8333333333333333,4.2559523809523805
"knee_present, knee_r_exam_creps_right, tongue_sama, knee_r_duration_val, knee_l_exam_tenderness_knee","knee_l_exam_creps_left, knee_l_duration_val",0.13286713286713286,0.95,4.2453125
"knee_l_exam_tenderness_knee, knee_present, knee_l_exam_rom, knee_r_exam_rom","knee_r_exam_tenderness_knee, knee_r_duration_val",0.11188811188811189,0.8888888888888888,4.2370370370370365
"knee_r_exam_creps_right, knee_r_duration_val, knee_l_exam_rom","knee_l_exam_creps_left, knee_l_duration_val, knee_present",0.1258741258741259,0.9473684210526316,4.233552631578948
"knee_l_duration_val, knee_r_exam_rom","medication_ongoing, knee_present, knee_l_exam_rom",0.1258741258741259,0.8571428571428572,4.226600985221675
"knee_l_duration_val, medication_ongoing, knee_r_exam_creps_right, sex_female, knee_l_exam_tenderness_knee","knee_l_exam_creps_left, knee_r_duration_val, knee_present",0.11888111888111888,0.9444444444444443,4.220486111111111
"knee_l_exam_creps_left, knee_r_duration_val, urine_normal","knee_r_exam_creps_right, knee_l_duration_val, medication_ongoing, knee_present",0.13286713286713286,0.8260869565217391,4.218944099378882
"tongue_sama, medication_ongoing, knee_r_duration_val, knee_l_exam_creps_left","knee_r_exam_creps_right, knee_l_duration_val",0.14685314685314685,0.9130434782608696,4.211781206171109
"knee_present, knee_r_exam_creps_right, tongue_sama, sex_female, knee_l_exam_tenderness_knee","knee_l_exam_creps_left, knee_r_exam_tenderness_knee",0.1048951048951049,0.8823529411764706,4.205882352941177
"medication_ongoing, knee_present, knee_r_exam_creps_right, tongue_sama, sex_female","knee_l_exam_creps_left, knee_l_duration_val",0.11188811188811189,0.9411764705882353,4.205882352941177
"knee_r_exam_creps_right, knee_r_exam_tenderness_knee, sex_female","knee_l_exam_creps_left, knee_l_duration_val, knee_r_duration_val",0.11888111888111888,0.85,4.191379310344828
"knee_l_duration_val, medication_ongoing, knee_r_exam_creps_right, tongue_sama, urine_normal","knee_l_exam_creps_left, knee_r_duration_val, knee_present",0.1048951048951049,0.9375,4.189453125
"knee_l_exam_creps_left, knee_r_duration_val","knee_r_exam_creps_right, knee_l_duration_val",0.20279720279720279,0.90625,4.180443548387097
"knee_r_exam_creps_right, knee_l_duration_val","knee_l_exam_creps_left, knee_r_duration_val, knee_present",0.20279720279720279,0.935483870967742,4.180443548387097
"medication_ongoing, knee_r_duration_val, knee_r_exam_rom","knee_l_duration_val, knee_present, knee_l_exam_rom",0.1258741258741259,0.8181818181818182,4.178571428571429
"knee_l_exam_creps_left, knee_r_exam_tenderness_knee, knee_r_duration_val, medication_ongoing","knee_r_exam_creps_right, knee_l_duration_val, knee_present",0.13286713286713286,0.9047619047619048,4.17357910906298
"knee_r_exam_creps_right, tongue_sama, knee_l_exam_tenderness_knee","knee_l_exam_creps_left, knee_r_exam_tenderness_knee",0.14685314685314685,0.8749999999999999,4.1708333333333325
"knee_r_exam_creps_right, knee_l_duration_val, knee_l_exam_rom, knee_l_exam_creps_left","knee_l_exam_tenderness_knee, knee_r_duration_val, knee_present",0.11188811188811189,0.8421052631578948,4.152450090744102
"knee_r_exam_creps_right, knee_l_duration_val, medication_ongoing, knee_present","knee_l_exam_creps_left, knee_r_duration_val",0.18181818181818182,0.9285714285714286,4.149553571428571
"knee_l_exam_creps_left, knee_r_duration_val","knee_r_exam_creps_right, knee_l_duration_val, medication_ongoing, knee_present",0.18181818181818182,0.8125,4.149553571428571
"tongue_sama, knee_l_duration_val, knee_l_exam_creps_left","knee_r_exam_creps_right, medication_ongoing, knee_r_duration_val",0.14685314685314685,0.84,4.142068965517241
"tongue_sama, knee_l_duration_val, medication_ongoing, knee_l_exam_creps_left","knee_r_exam_creps_right, knee_r_duration_val",0.14685314685314685,0.9545454545454545,4.136363636363636
"knee_l_exam_creps_left, knee_l_duration_val, knee_present, knee_l_exam_rom","knee_r_exam_creps_right, sex_female",0.11888111888111888,0.8095238095238095,4.134353741496598
"knee_r_exam_tenderness_knee, medication_ongoing, tongue_sama, knee_l_exam_creps_left, knee_r_duration_val","knee_r_exam_creps_right, knee_l_duration_val",0.11888111888111888,0.8947368421052632,4.127334465195246
"tongue_sama, knee_l_exam_creps_left, knee_r_duration_val","knee_r_exam_creps_right, knee_l_duration_val, medication_ongoing",0.14685314685314685,0.8076923076923076,4.124999999999999
"knee_l_exam_tenderness_knee, knee_r_duration_val, sex_female","knee_r_exam_creps_right, knee_l_duration_val, knee_l_exam_creps_left",0.13286713286713286,0.8636363636363635,4.116666666666666
"knee_r_exam_creps_right, knee_r_exam_tenderness_knee, sex_female","knee_l_exam_creps_left, knee_present, knee_l_exam_tenderness_knee",0.13286713286713286,0.95,4.116666666666666
"knee_l_duration_val, sex_female, knee_r_exam_rom","knee_l_exam_tenderness_knee, knee_r_duration_val, knee_present",0.1048951048951049,0.8333333333333333,4.109195402298851
"knee_l_exam_creps_left, knee_r_exam_tenderness_knee, gas","knee_r_exam_creps_right, tongue_sama",0.1258741258741259,0.9473684210526316,4.105263157894737
"knee_r_exam_creps_right, knee_l_duration_val, knee_r_duration_val, knee_l_exam_rom","knee_l_exam_creps_left, sex_female, knee_present",0.11188811188811189,0.8888888888888888,4.100358422939068
"knee_r_exam_creps_right, knee_l_duration_val, urine_normal","knee_l_exam_creps_left, knee_r_duration_val, knee_present",0.15384615384615385,0.9166666666666666,4.096354166666666
"knee_l_exam_creps_left, medication_ongoing, knee_present, knee_r_exam_rom","knee_r_exam_creps_right, knee_r_duration_val",0.11888111888111888,0.9444444444444443,4.092592592592592
"knee_l_exam_creps_left, knee_r_exam_tenderness_knee, urine_normal","knee_r_exam_creps_right, knee_l_duration_val, knee_r_duration_val",0.1258741258741259,0.8571428571428572,4.085714285714286
"knee_r_exam_creps_right, knee_l_duration_val, gas, knee_present","tongue_sama, knee_l_exam_creps_left",0.11888111888111888,1.0,4.085714285714285
"tongue_sama, knee_l_exam_creps_left, knee_r_duration_val, knee_present","knee_r_exam_creps_right, knee_l_duration_val",0.16083916083916083,0.8846153846153846,4.080645161290323
"knee_r_exam_creps_right, medication_ongoing, knee_r_duration_val, tongue_sama","knee_l_exam_creps_left, knee_l_duration_val, knee_present",0.14685314685314685,0.9130434782608696,4.080163043478261
"knee_l_exam_creps_left, knee_r_exam_tenderness_knee, medication_ongoing, gas","knee_r_exam_creps_right, tongue_sama, knee_present",0.11188811188811189,0.9411764705882353,4.078431372549019
"knee_r_exam_creps_right, knee_l_exam_tenderness_knee, sex_female","knee_l_exam_creps_left, knee_l_duration_val, knee_r_duration_val, knee_present",0.13286713286713286,0.8260869565217391,4.073463268365817
"knee_r_exam_swelling_non_pitting, knee_present, knee_l_exam_swelling_non_pitting","knee_r_exam_tenderness_knee, knee_l_exam_tenderness_knee",0.1048951048951049,0.8823529411764706,4.0702087286527515
"knee_l_exam_creps_left, knee_r_exam_rom, knee_l_exam_tenderness_knee","knee_r_exam_creps_right, knee_r_duration_val",0.1048951048951049,0.9375,4.0625
"knee_l_duration_val, medication_ongoing, knee_present, knee_r_exam_creps_right, sex_female","knee_l_exam_creps_left, knee_r_duration_val",0.13986013986013987,0.9090909090909091,4.0625
"knee_l_exam_creps_left, knee_r_exam_tenderness_knee, knee_r_duration_val","knee_r_exam_creps_right, knee_l_duration_val",0.15384615384615385,0.8800000000000001,4.0593548387096785
"medication_ongoing, knee_r_duration_val, sex_female, knee_l_exam_tenderness_knee","knee_r_exam_creps_right, knee_l_duration_val, knee_present, knee_l_exam_creps_left",0.11888111888111888,0.85,4.051666666666667
"tongue_sama, knee_l_duration_val, knee_r_exam_tenderness_knee","knee_r_exam_creps_right, knee_l_exam_creps_left, knee_r_duration_val, knee_present",0.13286713286713286,0.9047619047619048,4.043154761904762
"knee_l_exam_rom, knee_r_exam_rom","knee_l_exam_tenderness_knee, knee_r_duration_val",0.1258741258741259,0.8181818181818182,4.03448275862069
"knee_r_exam_creps_right, tongue_sama, knee_r_duration_val","knee_l_exam_creps_left, knee_r_exam_tenderness_knee",0.15384615384615385,0.8461538461538461,4.033333333333333
"knee_l_exam_creps_left, knee_l_duration_val, medication_ongoing","knee_r_exam_creps_right, knee_r_duration_val, knee_present",0.18181818181818182,0.9285714285714286,4.023809523809524
"knee_r_exam_creps_right, medication_ongoing, sex_female, knee_l_exam_tenderness_knee","knee_l_exam_creps_left, knee_l_duration_val, knee_present",0.1258741258741259,0.9,4.0218750000000005
"tongue_sama, knee_l_exam_creps_left, knee_r_duration_val, gas","knee_r_exam_creps_right, knee_r_exam_tenderness_knee, knee_present",0.11188811188811189,0.8421052631578948,4.014035087719298
"knee_l_exam_creps_left, knee_l_duration_val","knee_r_exam_creps_right, medication_ongoing, knee_r_duration_val, knee_present",0.18181818181818182,0.8125,4.00646551724138
"knee_r_exam_creps_right, medication_ongoing, knee_r_duration_val, knee_present","knee_l_exam_creps_left, knee_l_duration_val",0.18181818181818182,0.8965517241379312,4.00646551724138
"knee_l_exam_creps_left, knee_r_exam_tenderness_knee, medication_ongoing","knee_r_exam_creps_right, knee_l_exam_tenderness_knee",0.14685314685314685,0.84,4.004
"knee_l_exam_creps_left, knee_l_duration_val, knee_l_exam_tenderness_knee","knee_r_exam_creps_right, knee_r_duration_val, knee_present",0.16783216783216784,0.9230769230769231,4.0
"tongue_sama, knee_l_duration_val, knee_r_exam_tenderness_knee, medication_ongoing","knee_l_exam_creps_left, knee_r_duration_val, knee_present",0.11888111888111888,0.8947368421052632,3.9983552631578947
"knee_l_exam_creps_left, knee_l_duration_val, sex_female, knee_l_exam_tenderness_knee","knee_r_exam_creps_right, medication_ongoing, knee_r_duration_val",0.11888111888111888,0.8095238095238095,3.9917898193760264
"tongue_sama, knee_l_duration_val, knee_present, knee_l_exam_creps_left","knee_r_exam_creps_right, knee_r_duration_val",0.16083916083916083,0.92,3.986666666666667
"tongue_sama, knee_l_exam_tenderness_knee, knee_r_duration_val","knee_r_exam_creps_right, knee_l_duration_val, knee_present",0.13286713286713286,0.8636363636363635,3.983870967741935
"knee_l_exam_creps_left, knee_l_duration_val, knee_l_exam_tenderness_knee","knee_r_exam_creps_right, medication_ongoing, knee_r_duration_val, knee_present",0.14685314685314685,0.8076923076923076,3.982758620689655
"knee_l_exam_creps_left, knee_l_duration_val, knee_r_duration_val, knee_l_exam_tenderness_knee","knee_r_exam_creps_right, knee_r_exam_tenderness_knee",0.13986013986013987,0.8333333333333334,3.9722222222222223
"knee_r_duration_val, sex_female, knee_l_exam_rom, knee_r_exam_rom","knee_l_duration_val, knee_l_exam_tenderness_knee",0.1048951048951049,0.8333333333333333,3.972222222222222
"knee_r_exam_creps_right, medication_ongoing, knee_r_exam_rom",knee_l_exam_rom,0.11188811188811189,0.8888888888888888,3.972222222222222
"knee_r_exam_swelling_non_pitting, knee_present, knee_l_exam_swelling_non_pitting","medication_ongoing, knee_l_exam_tenderness_knee",0.11188811188811189,0.9411764705882353,3.958477508650519
"knee_l_exam_creps_left, knee_r_exam_tenderness_knee, urine_normal","knee_r_exam_creps_right, knee_l_duration_val",0.1258741258741259,0.8571428571428572,3.9539170506912447
"knee_r_exam_creps_right, tongue_sama, knee_r_duration_val","knee_l_exam_creps_left, knee_l_duration_val",0.16083916083916083,0.8846153846153846,3.953125
"knee_l_exam_creps_left, knee_l_duration_val, knee_r_duration_val, knee_present","knee_r_exam_creps_right, knee_l_exam_tenderness_knee",0.16783216783216784,0.8275862068965518,3.944827586206897
"knee_r_exam_creps_right, knee_r_diag_oa_knee, knee_l_diag_oa_knee","knee_l_exam_creps_left, knee_l_duration_val",0.1048951048951049,0.8823529411764706,3.943014705882353
"stool_unsatisfactory, lumbar_exam_tenderness, medication_ongoing, acidity","tongue_sama, lumbar_present, gas",0.1048951048951049,0.9375,3.943014705882353
"knee_l_exam_creps_left, knee_l_duration_val, medication_ongoing, sex_female","knee_r_exam_creps_right, knee_r_duration_val, knee_present",0.13986013986013987,0.9090909090909091,3.939393939393939
"knee_l_duration_val, urine_normal, knee_l_exam_tenderness_knee","knee_r_exam_tenderness_knee, knee_r_duration_val",0.13286713286713286,0.8260869565217391,3.93768115942029
"knee_r_exam_creps_right, knee_r_exam_tenderness_knee, knee_r_duration_val","knee_l_exam_creps_left, knee_l_duration_val",0.15384615384615385,0.8800000000000001,3.9325000000000006
"knee_r_exam_creps_right, knee_r_duration_val, knee_present","knee_l_exam_creps_left, knee_l_duration_val",0.20279720279720279,0.8787878787878787,3.927083333333333
"knee_l_exam_creps_left, knee_l_duration_val","knee_r_exam_creps_right, knee_r_duration_val, knee_present",0.20279720279720279,0.90625,3.927083333333333
"knee_l_exam_creps_left, knee_r_exam_tenderness_knee, sex_female","knee_r_exam_creps_right, knee_l_duration_val",0.11888111888111888,0.85,3.920967741935484
"knee_l_exam_creps_left, knee_r_exam_rom","knee_r_exam_creps_right, knee_r_duration_val, knee_present",0.13286713286713286,0.9047619047619048,3.9206349206349205
"knee_r_duration_val, knee_present, knee_r_exam_rom",knee_l_exam_rom,0.14685314685314685,0.8749999999999999,3.9101562499999996
"tongue_sama, knee_l_duration_val, medication_ongoing, knee_l_exam_creps_left","knee_r_exam_creps_right, knee_l_exam_tenderness_knee, knee_present",0.1258741258741259,0.8181818181818182,3.9000000000000004
"knee_l_duration_val, knee_present, knee_l_exam_creps_left, knee_l_exam_tenderness_knee, urine_normal","knee_r_exam_creps_right, knee_r_duration_val",0.1258741258741259,0.9,3.9
"medication_ongoing, knee_r_exam_rom",knee_l_exam_rom,0.13986013986013987,0.8695652173913044,3.8858695652173916
"knee_l_exam_creps_left, knee_r_diag_oa_knee, knee_present","knee_r_exam_creps_right, knee_l_duration_val",0.11188811188811189,0.8421052631578948,3.884550084889644
"knee_r_exam_creps_right, knee_l_duration_val, knee_r_exam_tenderness_knee, tongue_sama","knee_l_exam_creps_left, knee_present, knee_l_exam_tenderness_knee",0.11888111888111888,0.8947368421052632,3.87719298245614
"knee_r_exam_creps_right, knee_r_exam_tenderness_knee, gas","tongue_sama, knee_l_exam_creps_left, knee_present",0.1258741258741259,0.9473684210526316,3.870676691729323
"knee_l_exam_creps_left, knee_r_duration_val, hypertension","knee_r_exam_creps_right, medication_ongoing, knee_present",0.1048951048951049,1.0,3.864864864864865
"tongue_sama, knee_l_exam_tenderness_knee, knee_r_duration_val","knee_l_exam_creps_left, knee_l_duration_val",0.13286713286713286,0.8636363636363635,3.8593749999999996
"knee_l_duration_val, medication_ongoing, knee_present, tongue_sama, knee_l_exam_creps_left, knee_r_duration_val","knee_r_exam_creps_right, knee_l_exam_tenderness_knee",0.11888111888111888,0.8095238095238095,3.858730158730159
"knee_l_duration_val, knee_r_exam_tenderness_knee, knee_present, knee_r_exam_creps_right, knee_r_duration_val, urine_normal","knee_l_exam_creps_left, knee_l_exam_tenderness_knee",0.11188811188811189,0.8888888888888888,3.8518518518518516
"tongue_sama, knee_r_exam_tenderness_knee, knee_l_exam_creps_left","knee_r_exam_creps_right, knee_l_exam_tenderness_knee",0.14685314685314685,0.8076923076923076,3.8499999999999996
"knee_r_exam_creps_right, stool_unsatisfactory, medication_ongoing","tongue_sama, knee_l_exam_creps_left",0.11188811188811189,0.9411764705882353,3.845378151260504
"knee_r_exam_creps_right, knee_l_exam_tenderness_knee, knee_l_exam_rom","knee_l_exam_creps_left, sex_female",0.1048951048951049,0.8333333333333333,3.844086021505376
"knee_r_exam_creps_right, knee_r_exam_tenderness_knee, urine_normal","knee_l_exam_creps_left, knee_l_duration_val",0.1258741258741259,0.8571428571428572,3.8303571428571432
"knee_l_duration_val, gas, knee_present, knee_l_exam_tenderness_knee","tongue_sama, knee_l_exam_creps_left",0.1048951048951049,0.9375,3.830357142857143
"knee_r_exam_creps_right, knee_l_duration_val, medication_ongoing, knee_l_exam_rom","knee_l_exam_creps_left, knee_l_exam_tenderness_knee",0.1048951048951049,0.8823529411764706,3.8235294117647056
"knee_l_exam_tenderness_knee, knee_r_duration_val","knee_r_exam_creps_right, knee_l_duration_val, knee_present",0.16783216783216784,0.8275862068965518,3.81757508342603
"knee_l_exam_creps_left, knee_l_duration_val, urine_normal","knee_r_exam_creps_right, knee_r_duration_val, knee_present",0.15384615384615385,0.8800000000000001,3.8133333333333335
"knee_l_exam_creps_left, urine_normal, knee_l_exam_tenderness_knee","knee_r_exam_creps_right, knee_l_duration_val, knee_present",0.13286713286713286,0.8260869565217391,3.8106591865357644
"knee_r_exam_creps_right, knee_r_exam_tenderness_knee, sex_female","knee_l_exam_creps_left, knee_l_duration_val, knee_present",0.11888111888111888,0.85,3.7984375
knee_r_exam_rom,knee_l_exam_rom,0.15384615384615385,0.8461538461538461,3.78125
"knee_l_exam_creps_left, medication_ongoing, sex_female, knee_l_exam_tenderness_knee","knee_r_exam_creps_right, knee_l_duration_val",0.1258741258741259,0.8181818181818182,3.7741935483870974
"knee_r_exam_creps_right, knee_r_exam_tenderness_knee, sex_female, knee_l_exam_tenderness_knee","knee_l_exam_creps_left, knee_r_duration_val",0.11188811188811189,0.8421052631578948,3.7631578947368425
"knee_r_exam_creps_right, knee_l_exam_creps_left, lumbar_present, knee_l_exam_tenderness_knee",knee_r_exam_tenderness_knee,0.11188811188811189,1.0,3.763157894736842
"knee_l_exam_creps_left, knee_r_exam_tenderness_knee","knee_r_exam_creps_right, tongue_sama, knee_present",0.18181818181818182,0.8666666666666667,3.7555555555555555
"knee_r_exam_creps_right, medication_ongoing, sex_female, knee_present","knee_l_exam_creps_left, knee_l_duration_val",0.14685314685314685,0.84,3.7537499999999997
"tongue_sama, knee_r_exam_tenderness_knee, medication_ongoing, knee_l_exam_creps_left","knee_r_exam_creps_right, knee_r_duration_val",0.13286713286713286,0.8636363636363635,3.7424242424242418
"stool_unsatisfactory, lumbar_exam_tenderness, acidity","tongue_sama, lumbar_present, gas",0.11188811188811189,0.8888888888888888,3.738562091503268
"knee_l_duration_val, knee_present, knee_r_exam_creps_right, knee_l_exam_creps_left, gas","tongue_sama, medication_ongoing, knee_r_duration_val",0.11188811188811189,0.9411764705882353,3.7385620915032676
"knee_l_exam_creps_left, knee_r_exam_rom","knee_r_exam_creps_right, knee_l_duration_val",0.11888111888111888,0.8095238095238095,3.7342549923195087
"medication_ongoing, knee_r_duration_val, knee_l_exam_tenderness_knee","knee_r_exam_creps_right, knee_l_duration_val",0.14685314685314685,0.8076923076923076,3.725806451612903
"knee_r_exam_creps_right, tongue_sama, knee_l_exam_tenderness_knee","knee_l_exam_creps_left, knee_r_duration_val, knee_present",0.13986013986013987,0.8333333333333334,3.7239583333333335
"knee_l_exam_tenderness_knee, knee_l_exam_rom, knee_r_exam_rom","knee_l_exam_creps_left, knee_r_duration_val",0.1048951048951049,0.8333333333333333,3.723958333333333
"knee_r_exam_creps_right, knee_l_duration_val, stool_satisfactory","knee_r_duration_val, urine_normal",0.1048951048951049,0.9375,3.723958333333333
"knee_r_exam_tenderness_knee, knee_present, tongue_sama, knee_l_exam_creps_left, knee_l_exam_tenderness_knee","knee_r_exam_creps_right, knee_r_duration_val",0.1258741258741259,0.8571428571428572,3.7142857142857144
"knee_r_exam_creps_right, medication_ongoing, gas","tongue_sama, knee_l_exam_creps_left, knee_present",0.13986013986013987,0.9090909090909091,3.714285714285714
"gas, surgery_other, sex_female, knee_present","medication_ongoing, surgery_other_duration_days",0.1048951048951049,0.8823529411764706,3.7110726643598615
"knee_l_exam_tenderness_knee, knee_r_duration_val, knee_present","knee_l_exam_creps_left, knee_l_duration_val",0.16783216783216784,0.8275862068965518,3.6982758620689657
"knee_r_exam_creps_right, knee_r_exam_tenderness_knee, knee_r_duration_val, medication_ongoing","tongue_sama, knee_l_exam_creps_left",0.13286713286713286,0.9047619047619048,3.6965986394557824
"knee_l_duration_val, knee_r_exam_tenderness_knee, medication_ongoing","knee_l_exam_creps_left, knee_r_duration_val, knee_present",0.13286713286713286,0.8260869565217391,3.691576086956522
"knee_l_exam_creps_left, knee_l_duration_val, knee_r_exam_tenderness_knee, knee_l_exam_tenderness_knee","knee_r_exam_creps_right, tongue_sama, knee_present",0.11888111888111888,0.85,3.683333333333333
"knee_r_exam_creps_right, sex_female, knee_present","knee_l_exam_creps_left, knee_l_duration_val",0.16083916083916083,0.8214285714285714,3.6707589285714284
"tongue_sama, knee_r_exam_tenderness_knee, knee_l_exam_swelling_non_pitting, knee_r_exam_swelling_non_pitting","knee_l_exam_tenderness_knee, knee_present",0.1048951048951049,1.0,3.666666666666667
"tongue_sama, knee_r_exam_tenderness_knee, knee_present, knee_l_exam_creps_left","knee_r_exam_creps_right, knee_r_duration_val",0.15384615384615385,0.8461538461538461,3.6666666666666665
"knee_l_exam_creps_left, knee_l_diag_oa_knee","knee_r_exam_creps_right, medication_ongoing, knee_present",0.1258741258741259,0.9473684210526316,3.6614509246088196
"knee_r_exam_tenderness_knee, gas","knee_r_exam_creps_right, tongue_sama, knee_l_exam_creps_left",0.1258741258741259,0.8181818181818182,3.6562500000000004
"knee_l_duration_val, knee_r_exam_tenderness_knee, medication_ongoing, knee_r_exam_creps_right, knee_r_duration_val","tongue_sama, knee_l_exam_creps_left",0.11888111888111888,0.8947368421052632,3.655639097744361
"knee_l_duration_val, medication_ongoing, knee_present, knee_r_exam_rom, knee_l_exam_rom","knee_r_duration_val, sex_female",0.11888111888111888,0.9444444444444443,3.6501501501501497
"knee_l_duration_val, knee_present, knee_l_exam_creps_left, sex_female, knee_l_exam_rom","knee_r_exam_creps_right, knee_r_duration_val",0.11188811188811189,0.8421052631578948,3.649122807017544
"knee_l_exam_creps_left, knee_r_exam_tenderness_knee, medication_ongoing, knee_present","knee_r_exam_creps_right, knee_r_duration_val",0.14685314685314685,0.84,3.6399999999999997
"knee_l_duration_val, knee_present, tongue_sama, knee_l_exam_creps_left, knee_r_duration_val, gas","knee_r_exam_creps_right, medication_ongoing",0.11188811188811189,0.9411764705882353,3.63751987281399
"medication_ongoing, lumbar_exam_tenderness, acidity","tongue_sama, lumbar_present, gas",0.13286713286713286,0.8636363636363635,3.63235294117647
"knee_r_exam_tenderness_knee, medication_ongoing, knee_r_exam_creps_right, knee_r_duration_val, knee_l_exam_tenderness_knee","tongue_sama, knee_l_exam_creps_left",0.11188811188811189,0.8888888888888888,3.6317460317460313
"knee_l_duration_val, knee_present, tongue_sama, knee_l_exam_creps_left, knee_r_duration_val, sex_female","knee_r_exam_creps_right, medication_ongoing",0.1048951048951049,0.9375,3.6233108108108105
"knee_r_exam_creps_right, sex_female, urine_normal","knee_l_exam_creps_left, knee_r_duration_val, knee_present",0.11888111888111888,0.8095238095238095,3.6175595238095237
"knee_l_exam_creps_left, medication_ongoing, gas, knee_present","knee_r_exam_creps_right, tongue_sama",0.13986013986013987,0.8333333333333334,3.611111111111111
"knee_l_exam_creps_left, knee_l_duration_val, knee_r_exam_tenderness_knee, urine_normal","knee_r_exam_creps_right, tongue_sama, knee_present",0.1048951048951049,0.8333333333333333,3.6111111111111107
"medication_ongoing, knee_r_duration_val, knee_l_exam_tenderness_knee","knee_l_exam_creps_left, knee_l_duration_val",0.14685314685314685,0.8076923076923076,3.6093749999999996
"knee_r_exam_tenderness_knee, medication_ongoing, knee_present, knee_r_exam_creps_right, urine_normal","tongue_sama, knee_l_exam_creps_left",0.1048951048951049,0.8823529411764706,3.6050420168067223
"knee_r_exam_creps_right, knee_r_exam_tenderness_knee, knee_r_duration_val","tongue_sama, knee_l_exam_creps_left, knee_present",0.15384615384615385,0.8800000000000001,3.5954285714285716
"knee_r_exam_creps_right, knee_l_duration_val, knee_r_duration_val, sex_female","knee_l_exam_creps_left, knee_l_exam_tenderness_knee",0.13286713286713286,0.8260869565217391,3.579710144927536
"knee_r_exam_tenderness_knee, lumbar_exam_tenderness, knee_l_exam_tenderness_knee","lumbar_present, knee_present",0.11188811188811189,1.0,3.5749999999999997
"surgery_other, appetite_normal, knee_r_duration_val, knee_present","medication_ongoing, surgery_other_duration_days",0.11888111888111888,0.85,3.5749999999999997
"knee_l_exam_tenderness_knee, lumbar_present",knee_r_exam_tenderness_knee,0.1258741258741259,0.9473684210526316,3.5650969529085876
"knee_r_exam_creps_right, sex_female","knee_l_exam_creps_left, knee_present, knee_l_exam_tenderness_knee",0.16083916083916083,0.8214285714285714,3.5595238095238093
"knee_l_exam_creps_left, medication_ongoing, knee_r_duration_val, knee_l_exam_tenderness_knee","knee_r_exam_creps_right, tongue_sama",0.1258741258741259,0.8181818181818182,3.5454545454545454
"tongue_sama, knee_r_exam_tenderness_knee, sex_female, knee_present","medication_ongoing, knee_l_exam_tenderness_knee",0.11188811188811189,0.8421052631578948,3.5417956656346754
"medication_ongoing, lumbar_present, knee_present, knee_l_exam_tenderness_knee",knee_r_exam_tenderness_knee,0.11188811188811189,0.9411764705882353,3.541795665634675
"knee_r_exam_creps_right, knee_r_exam_tenderness_knee","tongue_sama, knee_l_exam_creps_left",0.18181818181818182,0.8666666666666667,3.540952380952381
"knee_l_exam_creps_left, gas, knee_present","knee_r_exam_creps_right, tongue_sama",0.15384615384615385,0.8148148148148149,3.5308641975308643
"knee_l_exam_creps_left, knee_l_duration_val, gas","tongue_sama, medication_ongoing, knee_r_duration_val",0.11188811188811189,0.8888888888888888,3.5308641975308634
"knee_l_duration_val, knee_present, tongue_sama, knee_l_exam_creps_left, knee_r_duration_val","knee_r_exam_creps_right, medication_ongoing",0.14685314685314685,0.9130434782608696,3.528789659224442
"knee_l_exam_tenderness_knee, gas","tongue_sama, knee_l_exam_creps_left",0.13286713286713286,0.8636363636363635,3.528571428571428
"tongue_sama, knee_r_duration_val, knee_r_exam_rom",knee_r_exam_tenderness_knee,0.1048951048951049,0.9375,3.5279605263157894
"knee_l_exam_creps_left, knee_r_duration_val","knee_r_exam_creps_right, tongue_sama, knee_present",0.18181818181818182,0.8125,3.520833333333333
"knee_l_exam_creps_left, knee_r_duration_val, sex_female","knee_r_exam_creps_right, medication_ongoing, knee_present",0.13986013986013987,0.9090909090909091,3.513513513513513
"tongue_sama, knee_l_duration_val, knee_r_exam_tenderness_knee","knee_l_exam_creps_left, knee_present, knee_l_exam_tenderness_knee",0.11888111888111888,0.8095238095238095,3.507936507936508
"lumbar_exam_tenderness, acidity","tongue_sama, lumbar_present, gas",0.13986013986013987,0.8333333333333334,3.5049019607843137
"knee_r_exam_creps_right, knee_present, knee_l_exam_rom, knee_r_exam_rom","knee_l_duration_val, knee_r_duration_val, sex_female",0.1048951048951049,0.8333333333333333,3.5049019607843133
"gas, surgery_other, sex_female, knee_present",surgery_other_duration_days,0.1048951048951049,0.8823529411764706,3.5049019607843133
"knee_r_exam_tenderness_knee, knee_present, knee_r_exam_creps_right, knee_r_duration_val, knee_l_exam_tenderness_knee","tongue_sama, knee_l_exam_creps_left",0.1258741258741259,0.8571428571428572,3.502040816326531
"knee_l_exam_creps_left, knee_l_duration_val, knee_r_duration_val, medication_ongoing","knee_r_exam_creps_right, tongue_sama, knee_present",0.14685314685314685,0.8076923076923076,3.4999999999999996
"knee_r_exam_creps_right, knee_l_duration_val, knee_present","knee_l_exam_creps_left, knee_l_exam_tenderness_knee",0.17482517482517482,0.8064516129032259,3.4946236559139785
"stool_unsatisfactory, lumbar_exam_tenderness, medication_ongoing, acidity","lumbar_present, gas",0.11188811188811189,1.0,3.4878048780487805
"knee_r_duration_val, knee_l_duration_val, knee_r_exam_tenderness_knee, sex_female","knee_l_exam_tenderness_knee, knee_present",0.13286713286713286,0.95,3.4833333333333334
"tongue_sama, knee_l_exam_creps_left, knee_r_duration_val, knee_l_exam_tenderness_knee","knee_r_exam_creps_right, medication_ongoing, knee_present",0.1258741258741259,0.9,3.478378378378378
"tongue_sama, knee_r_exam_tenderness_knee, sex_female","knee_l_exam_tenderness_knee, knee_present",0.1258741258741259,0.9473684210526316,3.4736842105263164
"knee_l_duration_val, knee_present, knee_l_exam_rom, knee_r_exam_rom","medication_ongoing, knee_r_duration_val, sex_female",0.11888111888111888,0.85,3.4728571428571424
"knee_l_exam_creps_left, knee_l_duration_val, knee_r_duration_val","knee_r_exam_creps_right, medication_ongoing",0.18181818181818182,0.8965517241379312,3.465051258154707
"knee_l_exam_creps_left, knee_l_duration_val, gas","tongue_sama, knee_r_duration_val, knee_present",0.11888111888111888,0.9444444444444443,3.462962962962963
"knee_l_duration_val, knee_l_exam_creps_left, knee_r_duration_val, sex_female, knee_l_exam_tenderness_knee","knee_r_exam_creps_right, medication_ongoing, knee_present",0.11888111888111888,0.8947368421052632,3.458036984352774
"knee_r_exam_tenderness_knee, knee_present, knee_l_exam_creps_left, knee_r_duration_val, sex_female",knee_l_exam_tenderness_knee,0.11188811188811189,0.9411764705882353,3.450980392156863
"knee_present, knee_l_exam_rom, knee_r_exam_rom","knee_l_duration_val, knee_r_duration_val, sex_female",0.1258741258741259,0.8181818181818182,3.4411764705882355
"knee_r_exam_creps_right, knee_r_exam_tenderness_knee, knee_r_duration_val, urine_normal","tongue_sama, knee_l_exam_creps_left",0.11188811188811189,0.8421052631578948,3.4406015037593987
"knee_l_exam_creps_left, sex_female, knee_l_morning_stiffness, knee_present",knee_l_exam_tenderness_knee,0.1048951048951049,0.9375,3.4375000000000004
"tongue_sama, knee_l_duration_val, gas, knee_l_exam_creps_left","knee_r_exam_creps_right, medication_ongoing",0.11188811188811189,0.8888888888888888,3.4354354354354353
"knee_r_exam_creps_right, knee_r_exam_tenderness_knee, knee_present, knee_l_exam_tenderness_knee","tongue_sama, knee_l_exam_creps_left",0.14685314685314685,0.84,3.432
"tongue_sama, knee_l_exam_tenderness_knee, knee_r_duration_val",knee_r_exam_tenderness_knee,0.13986013986013987,0.9090909090909091,3.4210526315789473
"tongue_sama, knee_l_exam_creps_left, knee_r_duration_val","knee_r_exam_creps_right, medication_ongoing",0.16083916083916083,0.8846153846153846,3.418918918918919
"knee_l_exam_creps_left, knee_l_duration_val, knee_r_exam_rom","knee_r_exam_creps_right, medication_ongoing",0.1048951048951049,0.8823529411764706,3.410174880763116
"stool_unsatisfactory, knee_l_morning_stiffness","tongue_sama, sex_female, knee_present",0.11888111888111888,1.0,3.4047619047619047
"knee_l_duration_val, knee_present, tongue_sama, knee_r_duration_val, knee_l_exam_tenderness_knee",knee_r_exam_tenderness_knee,0.13286713286713286,0.9047619047619048,3.4047619047619047
"knee_r_exam_tenderness_knee, knee_r_duration_val, sex_female","medication_ongoing, knee_l_exam_tenderness_knee",0.11888111888111888,0.8095238095238095,3.4047619047619047
"knee_l_duration_val, knee_r_exam_tenderness_knee, knee_l_exam_rom","medication_ongoing, knee_r_duration_val, sex_female, knee_present",0.1048951048951049,0.8333333333333333,3.404761904761904
"knee_l_exam_creps_left, knee_l_duration_val, knee_present, tongue_sama","knee_r_exam_creps_right, medication_ongoing",0.15384615384615385,0.8800000000000001,3.4010810810810814
"knee_r_duration_val, knee_l_duration_val, knee_r_exam_tenderness_knee","medication_ongoing, knee_present, knee_l_exam_tenderness_knee",0.14685314685314685,0.8076923076923076,3.3970588235294112
"knee_present, knee_r_exam_creps_right, knee_l_exam_creps_left, knee_r_duration_val, tongue_sama, knee_l_exam_tenderness_knee",knee_r_exam_tenderness_knee,0.1258741258741259,0.9,3.386842105263158
"knee_r_duration_val, knee_l_duration_val, knee_r_exam_tenderness_knee","knee_l_exam_tenderness_knee, knee_present",0.16783216783216784,0.9230769230769231,3.384615384615385
"knee_l_exam_creps_left, knee_r_duration_val, knee_present","knee_r_exam_creps_right, medication_ongoing",0.1958041958041958,0.875,3.3817567567567566
"knee_l_duration_val, knee_present, knee_l_exam_creps_left, knee_r_duration_val, knee_l_exam_tenderness_knee","knee_r_exam_creps_right, medication_ongoing",0.14685314685314685,0.8749999999999999,3.381756756756756
"surgery_other, appetite_normal, knee_r_duration_val, knee_present",surgery_other_duration_days,0.11888111888111888,0.85,3.3763888888888887
"knee_l_duration_val, medication_ongoing, tongue_sama, knee_r_duration_val, knee_l_exam_tenderness_knee",knee_r_exam_tenderness_knee,0.11888111888111888,0.8947368421052632,3.3670360110803323
"knee_r_exam_creps_right, knee_l_duration_val, tongue_sama","knee_l_exam_creps_left, medication_ongoing",0.15384615384615385,0.9166666666666666,3.361111111111111
"gas, knee_l_duration_val, medication_ongoing, knee_present","tongue_sama, knee_r_duration_val",0.14685314685314685,0.9130434782608696,3.3478260869565224
"knee_l_exam_creps_left, knee_r_duration_val, gas, knee_present","tongue_sama, knee_l_duration_val, medication_ongoing",0.11188811188811189,0.8421052631578948,3.345029239766082
"medication_ongoing, knee_r_duration_val, urine_normal, knee_l_exam_tenderness_knee",knee_r_exam_tenderness_knee,0.11188811188811189,0.8888888888888888,3.345029239766082
"knee_r_exam_tenderness_knee, gas","tongue_sama, knee_l_exam_creps_left, knee_present",0.1258741258741259,0.8181818181818182,3.342857142857143
"knee_l_exam_creps_left, knee_l_duration_val, knee_r_exam_tenderness_knee, knee_r_duration_val","knee_r_exam_creps_right, medication_ongoing",0.13286713286713286,0.8636363636363635,3.3378378378378373
"knee_l_duration_val, gas, knee_present","tongue_sama, medication_ongoing, knee_r_duration_val",0.14685314685314685,0.84,3.336666666666666
"knee_l_exam_creps_left, knee_l_duration_val, knee_r_exam_tenderness_knee, knee_r_duration_val","knee_l_exam_tenderness_knee, knee_present",0.13986013986013987,0.9090909090909091,3.3333333333333335
"medication_ongoing, lumbar_exam_tenderness, acidity","lumbar_present, gas",0.14685314685314685,0.9545454545454545,3.3292682926829267
"knee_l_duration_val, medication_ongoing, knee_present, tongue_sama, knee_l_exam_creps_left, knee_r_duration_val, sex_female",knee_r_exam_creps_right,0.1048951048951049,1.0,3.3255813953488373
"knee_l_duration_val, knee_present, knee_r_exam_rom, knee_r_duration_val, knee_l_exam_rom, knee_l_exam_tenderness_knee",knee_r_exam_tenderness_knee,0.1048951048951049,0.8823529411764706,3.320433436532508
"knee_r_exam_tenderness_knee, knee_r_duration_val, sex_female",knee_l_exam_tenderness_knee,0.13286713286713286,0.9047619047619048,3.3174603174603177
"tongue_sama, medication_ongoing, lumbar_exam_tenderness, acidity","lumbar_present, gas",0.13286713286713286,0.95,3.313414634146341
"knee_r_exam_tenderness_knee, knee_present, tongue_sama, knee_l_exam_creps_left, knee_l_exam_tenderness_knee","knee_r_exam_creps_right, medication_ongoing",0.1258741258741259,0.8571428571428572,3.312741312741313
"knee_r_exam_tenderness_knee, gas, knee_present, knee_l_exam_tenderness_knee","knee_r_exam_creps_right, medication_ongoing, knee_l_exam_creps_left",0.1048951048951049,0.8333333333333333,3.3101851851851847
"knee_l_duration_val, knee_r_exam_rom","medication_ongoing, knee_r_duration_val, sex_female, knee_present",0.11888111888111888,0.8095238095238095,3.307482993197279
"lumbar_exam_tenderness, urine_normal, acidity","lumbar_present, gas",0.1258741258741259,0.9473684210526316,3.3042362002567396
"knee_l_duration_val, knee_present, knee_r_exam_creps_right, tongue_sama, knee_l_exam_tenderness_knee","knee_l_exam_creps_left, medication_ongoing",0.1258741258741259,0.9,3.3000000000000003
"knee_r_exam_creps_right, medication_ongoing, knee_l_exam_tenderness_knee","tongue_sama, knee_l_exam_creps_left",0.14685314685314685,0.8076923076923076,3.2999999999999994
"medication_ongoing, lumbar_exam_tenderness, urine_normal, acidity","lumbar_present, gas",0.11888111888111888,0.9444444444444443,3.294037940379403
"knee_r_exam_creps_right, tongue_sama, knee_present, knee_l_exam_tenderness_knee",knee_r_exam_tenderness_knee,0.14685314685314685,0.8749999999999999,3.2927631578947363
"nidra_sound, knee_r_duration_val","medication_ongoing, knee_present, stool_satisfactory",0.11888111888111888,0.85,3.285135135135135
"nidra_sound, knee_l_duration_val, knee_r_duration_val, medication_ongoing","knee_present, stool_satisfactory",0.11188811188811189,0.9411764705882353,3.2826398852223817
"knee_r_duration_val, knee_l_morning_stiffness, knee_r_morning_stiffness","tongue_sama, knee_l_duration_val, medication_ongoing",0.13286713286713286,0.8260869565217391,3.2814009661835746
"knee_r_exam_creps_right, knee_l_duration_val, knee_l_exam_rom",knee_l_exam_tenderness_knee,0.11888111888111888,0.8947368421052632,3.2807017543859653
"knee_l_exam_creps_left, knee_l_duration_val, knee_present, knee_l_exam_tenderness_knee","knee_r_exam_creps_right, medication_ongoing",0.15384615384615385,0.8461538461538461,3.27027027027027
"nidra_sound, knee_r_duration_val, urine_normal","knee_present, stool_satisfactory",0.1048951048951049,0.9375,3.2698170731707314
"knee_l_exam_creps_left, knee_l_duration_val","knee_r_exam_creps_right, medication_ongoing, knee_present",0.1888111888111888,0.84375,3.26097972972973
"tongue_sama, knee_r_exam_tenderness_knee, medication_ongoing, gas","knee_l_exam_tenderness_knee, knee_present",0.11188811188811189,0.8888888888888888,3.2592592592592595
"tongue_sama, knee_l_exam_creps_left, knee_present, hypertension","knee_r_exam_creps_right, medication_ongoing",0.11188811188811189,0.8421052631578948,3.2546230440967285
"knee_r_exam_creps_right, knee_l_duration_val, knee_r_exam_tenderness_knee","knee_r_duration_val, urine_normal",0.1258741258741259,0.8181818181818182,3.25
"tongue_sama, lumbar_exam_tenderness, acidity","medication_ongoing, lumbar_present, gas",0.13286713286713286,0.8636363636363635,3.2499999999999996
"knee_l_exam_creps_left, knee_r_exam_tenderness_knee, knee_l_exam_tenderness_knee","knee_r_exam_creps_right, medication_ongoing, knee_present",0.14685314685314685,0.84,3.246486486486486
"knee_l_exam_tenderness_knee, knee_r_duration_val, knee_present",knee_r_exam_tenderness_knee,0.17482517482517482,0.8620689655172414,3.2441016333938295
"knee_r_exam_creps_right, tongue_sama, knee_r_duration_val","knee_l_exam_creps_left, medication_ongoing, knee_present",0.16083916083916083,0.8846153846153846,3.2435897435897436
"knee_l_exam_creps_left, lumbar_exam_tenderness, lumbar_present",knee_l_exam_tenderness_knee,0.1048951048951049,0.8823529411764706,3.235294117647059
"knee_l_duration_val, gas","tongue_sama, knee_r_duration_val, knee_present",0.15384615384615385,0.8800000000000001,3.2266666666666675
"knee_l_exam_tenderness_knee, knee_r_duration_val, knee_l_exam_rom","knee_r_exam_tenderness_knee, knee_present",0.1258741258741259,0.8571428571428572,3.2255639097744364
"knee_present, knee_l_exam_creps_left, knee_r_duration_val, knee_l_exam_tenderness_knee, urine_normal","knee_r_exam_creps_right, medication_ongoing",0.1048951048951049,0.8333333333333333,3.2207207207207205
"tongue_sama, knee_l_duration_val, knee_r_exam_tenderness_knee, knee_r_duration_val","knee_r_exam_creps_right, medication_ongoing, knee_l_exam_creps_left",0.11888111888111888,0.8095238095238095,3.215608465608465
"knee_r_duration_val, knee_l_exam_rom","knee_l_exam_tenderness_knee, knee_present",0.14685314685314685,0.8749999999999999,3.208333333333333
"knee_l_duration_val, knee_r_exam_tenderness_knee, knee_present","knee_r_duration_val, urine_normal",0.14685314685314685,0.8076923076923076,3.2083333333333326
"knee_l_exam_creps_left, knee_l_duration_val, medication_ongoing, knee_present",knee_r_exam_creps_right,0.1888111888111888,0.9642857142857142,3.206810631229236
"knee_l_duration_val, knee_r_exam_creps_right, tongue_sama, knee_l_exam_creps_left, knee_l_exam_tenderness_knee",knee_r_exam_tenderness_knee,0.11888111888111888,0.85,3.1986842105263156
"knee_l_exam_creps_left, knee_l_duration_val, knee_l_exam_tenderness_knee",knee_r_exam_creps_right,0.17482517482517482,0.9615384615384615,3.197674418604651
"lumbar_exam_tenderness, acidity","lumbar_present, gas",0.15384615384615385,0.9166666666666666,3.197154471544715
"knee_r_exam_creps_right, knee_l_duration_val","knee_l_exam_creps_left, medication_ongoing, knee_present",0.1888111888111888,0.8709677419354839,3.1935483870967745
"knee_l_exam_creps_left, knee_r_duration_val, urine_normal","knee_r_exam_creps_right, medication_ongoing, knee_present",0.13286713286713286,0.8260869565217391,3.192714453584019
"tongue_sama, knee_l_duration_val, knee_present, knee_l_exam_creps_left",knee_r_exam_creps_right,0.16783216783216784,0.9600000000000001,3.192558139534884
"knee_r_exam_creps_right, tongue_sama, gas","knee_l_exam_creps_left, medication_ongoing",0.13986013986013987,0.8695652173913044,3.1884057971014497
"sex_female, surgery_other_duration_days","medication_ongoing, surgery_other, knee_present",0.16083916083916083,0.9583333333333333,3.187015503875969
"knee_r_exam_creps_right, tongue_sama, knee_r_duration_val, knee_l_exam_creps_left",knee_r_exam_tenderness_knee,0.15384615384615385,0.8461538461538461,3.1842105263157894
"knee_r_exam_creps_right, knee_l_exam_tenderness_knee","knee_l_exam_creps_left, medication_ongoing, knee_present",0.18181818181818182,0.8666666666666667,3.177777777777778
"medication_ongoing, knee_r_exam_creps_right, tongue_sama, knee_r_duration_val, urine_normal",knee_l_exam_creps_left,0.1048951048951049,1.0,3.1777777777777776
"knee_l_exam_creps_left, knee_l_duration_val, medication_ongoing, sex_female",knee_r_exam_creps_right,0.14685314685314685,0.9545454545454545,3.1744186046511627
"tongue_sama, lumbar_exam_tenderness, acidity","lumbar_present, gas",0.13986013986013987,0.9090909090909091,3.170731707317073
"knee_r_exam_creps_right, knee_l_exam_creps_left, knee_r_duration_val, gas","knee_r_exam_tenderness_knee, knee_present",0.11188811188811189,0.8421052631578948,3.168975069252078
"knee_l_exam_creps_left, stool_unsatisfactory",knee_r_exam_creps_right,0.13986013986013987,0.9523809523809524,3.1672203765227027
"knee_r_exam_creps_right, knee_l_duration_val, knee_r_exam_tenderness_knee, knee_r_duration_val","knee_l_exam_creps_left, medication_ongoing",0.13286713286713286,0.8636363636363635,3.1666666666666665
"tongue_sama, knee_l_exam_tenderness_knee, knee_r_duration_val, knee_present","knee_r_exam_creps_right, medication_ongoing",0.1258741258741259,0.8181818181818182,3.1621621621621623
"knee_r_exam_creps_right, knee_l_exam_tenderness_knee, knee_r_duration_val","knee_r_exam_tenderness_knee, knee_present",0.14685314685314685,0.84,3.161052631578947
"knee_l_exam_creps_left, stool_unsatisfactory, tongue_sama",knee_r_exam_creps_right,0.13286713286713286,0.95,3.1593023255813955
"tongue_sama, knee_l_duration_val, knee_r_duration_val, knee_l_exam_tenderness_knee","knee_r_exam_creps_right, knee_l_exam_creps_left",0.13286713286713286,0.9047619047619048,3.1556329849012776
"stool_unsatisfactory, lumbar_exam_tenderness, lumbar_present, gas","tongue_sama, medication_ongoing, acidity",0.1048951048951049,0.8823529411764706,3.1544117647058822
"tongue_sama, knee_l_duration_val, urine_normal, knee_l_exam_creps_left",knee_r_exam_creps_right,0.1258741258741259,0.9473684210526316,3.150550795593636
"knee_l_exam_creps_left, gas","knee_r_exam_creps_right, medication_ongoing",0.15384615384615385,0.8148148148148149,3.1491491491491495
"knee_r_exam_tenderness_knee, medication_ongoing, knee_r_exam_creps_right, knee_l_exam_creps_left, knee_r_duration_val","knee_l_exam_tenderness_knee, knee_present",0.1258741258741259,0.8571428571428572,3.1428571428571432
"knee_l_exam_creps_left, knee_l_duration_val, sex_female, tongue_sama","knee_r_exam_creps_right, knee_present",0.11888111888111888,0.9444444444444443,3.140826873385013
"tongue_sama, knee_r_exam_tenderness_knee, gas","knee_r_exam_creps_right, knee_l_exam_creps_left, knee_present",0.1258741258741259,0.9,3.1390243902439026
"knee_l_duration_val, knee_present, knee_r_exam_creps_right, knee_r_duration_val, knee_l_exam_tenderness_knee",knee_r_exam_tenderness_knee,0.13986013986013987,0.8333333333333334,3.135964912280702
"tongue_sama, medication_ongoing, knee_l_exam_swelling_non_pitting",knee_r_exam_tenderness_knee,0.1048951048951049,0.8333333333333333,3.1359649122807016
"knee_l_exam_creps_left, lumbar_exam_tenderness","knee_r_exam_creps_right, knee_present",0.11188811188811189,0.9411764705882353,3.1299589603283176
"knee_l_exam_creps_left, knee_l_duration_val, knee_present, knee_l_exam_rom","knee_r_exam_creps_right, medication_ongoing",0.11888111888111888,0.8095238095238095,3.1287001287001286
"knee_r_exam_creps_right, knee_l_exam_creps_left, sex_female, knee_present",knee_l_exam_tenderness_knee,0.16083916083916083,0.8518518518518519,3.123456790123457
"knee_l_duration_val, knee_r_exam_tenderness_knee, tongue_sama, knee_r_duration_val, knee_l_exam_tenderness_knee","knee_r_exam_creps_right, knee_l_exam_creps_left, knee_present",0.11888111888111888,0.8947368421052632,3.1206675224646983
"knee_l_exam_creps_left, knee_l_duration_val, knee_present",knee_r_exam_creps_right,0.2097902097902098,0.9375,3.117732558139535
"knee_l_duration_val, knee_r_exam_tenderness_knee, knee_present, knee_l_exam_creps_left, knee_l_exam_tenderness_knee","tongue_sama, knee_r_duration_val",0.11888111888111888,0.85,3.1166666666666667
"knee_r_exam_creps_right, knee_r_duration_val","knee_l_exam_creps_left, medication_ongoing",0.1958041958041958,0.8484848484848484,3.111111111111111
"knee_present, knee_r_exam_creps_right, knee_l_exam_creps_left, knee_r_duration_val, urine_normal",knee_r_exam_tenderness_knee,0.13286713286713286,0.8260869565217391,3.108695652173913
"tongue_sama, knee_l_exam_creps_left, medication_ongoing",knee_r_exam_creps_right,0.1958041958041958,0.9333333333333333,3.103875968992248
"knee_r_exam_creps_right, knee_r_exam_tenderness_knee, tongue_sama","knee_l_exam_creps_left, medication_ongoing, knee_present",0.15384615384615385,0.8461538461538461,3.1025641025641026
"knee_r_exam_tenderness_knee, medication_ongoing, tongue_sama, knee_r_duration_val, knee_l_exam_tenderness_knee","knee_r_exam_creps_right, knee_l_exam_creps_left",0.11188811188811189,0.8888888888888888,3.1002710027100266
"knee_r_exam_tenderness_knee, medication_ongoing",knee_l_exam_tenderness_knee,0.1888111888111888,0.84375,3.0937500000000004
"knee_r_exam_creps_right, medication_ongoing, knee_present",knee_l_exam_creps_left,0.2517482517482518,0.972972972972973,3.091891891891892
"knee_l_exam_creps_left, medication_ongoing, knee_l_exam_tenderness_knee","knee_r_exam_creps_right, knee_present",0.18181818181818182,0.9285714285714286,3.088039867109635
"knee_r_exam_creps_right, medication_ongoing, knee_l_exam_rom","knee_l_duration_val, sex_female, knee_present",0.11188811188811189,0.8421052631578948,3.0877192982456143
"knee_r_exam_creps_right, tongue_sama","knee_l_exam_creps_left, knee_present",0.22377622377622378,0.9696969696969696,3.081481481481481
"knee_r_exam_creps_right, knee_r_exam_tenderness_knee, knee_r_duration_val, knee_present","knee_l_exam_creps_left, medication_ongoing",0.14685314685314685,0.84,3.08
"knee_l_exam_creps_left, knee_l_duration_val, knee_r_duration_val, urine_normal",knee_r_exam_tenderness_knee,0.1258741258741259,0.8181818181818182,3.078947368421053
"knee_l_duration_val, knee_present, tongue_sama, knee_l_exam_tenderness_knee, urine_normal","knee_r_exam_creps_right, knee_l_exam_creps_left",0.1048951048951049,0.8823529411764706,3.0774748923959825
"knee_l_exam_creps_left, sex_female, knee_present",knee_l_exam_tenderness_knee,0.18181818181818182,0.8387096774193549,3.0752688172043015
"knee_r_exam_creps_right, knee_l_duration_val","knee_l_exam_creps_left, knee_present",0.2097902097902098,0.967741935483871,3.075268817204301
"knee_r_exam_creps_right, knee_l_duration_val, knee_r_duration_val, knee_present",knee_l_exam_creps_left,0.20279720279720279,0.9666666666666666,3.0718518518518514
"knee_r_exam_creps_right, knee_present","knee_l_exam_creps_left, medication_ongoing",0.2517482517482518,0.8372093023255816,3.069767441860466
"knee_l_exam_creps_left, medication_ongoing","knee_r_exam_creps_right, knee_present",0.2517482517482518,0.9230769230769232,3.0697674418604657
"sex_female, knee_present, knee_l_exam_rom, knee_r_exam_rom","knee_l_duration_val, knee_r_duration_val, medication_ongoing",0.11888111888111888,0.9444444444444443,3.0694444444444438
"knee_r_exam_creps_right, medication_ongoing, knee_r_duration_val, knee_present",knee_l_exam_creps_left,0.1958041958041958,0.9655172413793104,3.0681992337164754
"tongue_sama, medication_ongoing, knee_l_exam_tenderness_knee",knee_r_exam_tenderness_knee,0.15384615384615385,0.8148148148148149,3.0662768031189085
"knee_r_exam_creps_right, knee_l_duration_val, medication_ongoing, knee_present",knee_l_exam_creps_left,0.1888111888111888,0.9642857142857142,3.064285714285714
"knee_r_exam_creps_right, knee_l_duration_val, knee_r_duration_val, medication_ongoing","knee_l_exam_creps_left, knee_present",0.18181818181818182,0.962962962962963,3.060082304526749
"knee_l_exam_creps_left, knee_l_duration_val, urine_normal",knee_r_exam_creps_right,0.16083916083916083,0.92,3.0595348837209304
"tongue_sama, knee_l_exam_tenderness_knee, acidity","gas, knee_present",0.11188811188811189,0.9411764705882353,3.0588235294117645
"knee_r_exam_creps_right, tongue_sama, knee_l_exam_creps_left","knee_r_exam_tenderness_knee, knee_present",0.18181818181818182,0.8125,3.057565789473684
"knee_r_exam_creps_right, knee_l_duration_val, sex_female","knee_l_exam_tenderness_knee, knee_present",0.13986013986013987,0.8333333333333334,3.055555555555556
"knee_r_exam_creps_right, knee_l_exam_rom, knee_r_exam_rom","knee_l_exam_tenderness_knee, knee_present",0.1048951048951049,0.8333333333333333,3.0555555555555554
"knee_r_exam_creps_right, medication_ongoing, knee_present, urine_normal",knee_l_exam_creps_left,0.17482517482517482,0.9615384615384615,3.0555555555555554
"knee_r_exam_creps_right, gas, knee_present",knee_l_exam_creps_left,0.16783216783216784,0.9600000000000001,3.050666666666667
"medication_ongoing, knee_l_exam_creps_left, gas",knee_r_exam_creps_right,0.15384615384615385,0.9166666666666666,3.048449612403101
"knee_r_exam_creps_right, tongue_sama, acidity","gas, knee_present",0.1048951048951049,0.9375,3.046875
"knee_r_exam_creps_right, knee_l_exam_creps_left, knee_present, knee_r_exam_rom",knee_r_exam_tenderness_knee,0.11888111888111888,0.8095238095238095,3.0463659147869677
"stool_unsatisfactory, knee_l_duration_val","tongue_sama, sex_female, knee_present",0.11888111888111888,0.8947368421052632,3.0463659147869677
"knee_r_exam_creps_right, knee_l_duration_val, knee_present, urine_normal",knee_l_exam_creps_left,0.16083916083916083,0.9583333333333333,3.04537037037037
"medication_ongoing, sex_female, knee_l_exam_rom, knee_r_exam_rom","knee_l_duration_val, knee_r_duration_val, knee_present",0.11888111888111888,1.0,3.042553191489362
"tongue_sama, knee_l_exam_creps_left",knee_r_exam_creps_right,0.22377622377622378,0.9142857142857143,3.040531561461794
"knee_r_exam_creps_right, knee_l_duration_val, knee_r_duration_val, urine_normal","knee_l_exam_creps_left, knee_present",0.15384615384615385,0.9565217391304349,3.0396135265700486
"knee_r_exam_creps_right, medication_ongoing, knee_present, knee_l_exam_tenderness_knee",knee_r_exam_tenderness_knee,0.14685314685314685,0.8076923076923076,3.039473684210526
"surgery_other, lumbar_exam_tenderness","lumbar_present, knee_present",0.11888111888111888,0.85,3.03875
"surgery_other_duration_days, comorb_other","medication_ongoing, surgery_other, knee_present",0.14685314685314685,0.9130434782608696,3.0364004044489388
"tongue_sama, knee_l_exam_tenderness_knee",knee_r_exam_tenderness_knee,0.17482517482517482,0.8064516129032259,3.0348047538200342
"knee_l_exam_creps_left, knee_l_duration_val, knee_r_duration_val","knee_l_exam_tenderness_knee, knee_present",0.16783216783216784,0.8275862068965518,3.0344827586206904
"knee_r_exam_creps_right, knee_l_duration_val, medication_ongoing, sex_female",knee_l_exam_creps_left,0.14685314685314685,0.9545454545454545,3.033333333333333
"tongue_sama, knee_l_duration_val, knee_l_exam_tenderness_knee","knee_r_exam_creps_right, knee_l_exam_creps_left, knee_present",0.13986013986013987,0.8695652173913044,3.0328738069989396
"knee_r_exam_creps_right, knee_present",knee_l_exam_creps_left,0.2867132867132867,0.9534883720930234,3.0299741602067187
knee_l_exam_creps_left,"knee_r_exam_creps_right, knee_present",0.2867132867132867,0.9111111111111111,3.0299741602067187
"knee_l_duration_val, knee_r_exam_tenderness_knee, medication_ongoing, knee_present","tongue_sama, knee_r_duration_val",0.13286713286713286,0.8260869565217391,3.028985507246377
"knee_l_duration_val, medication_ongoing, knee_present, knee_r_exam_creps_right, urine_normal",knee_l_exam_creps_left,0.13986013986013987,0.9523809523809524,3.0264550264550265
"stool_unsatisfactory, medication_ongoing, knee_l_duration_val","tongue_sama, sex_female, knee_present",0.11188811188811189,0.8888888888888888,3.0264550264550265
"knee_l_exam_creps_left, medication_ongoing, gas, tongue_sama","knee_r_exam_creps_right, knee_present",0.13986013986013987,0.9090909090909091,3.0232558139534884
"tongue_sama, knee_r_exam_tenderness_knee, knee_present","knee_r_exam_creps_right, knee_l_exam_creps_left",0.18181818181818182,0.8666666666666667,3.0227642276422766
"knee_r_exam_creps_right, lumbar_present",knee_l_exam_creps_left,0.13286713286713286,0.95,3.0188888888888887
"knee_l_exam_tenderness_knee, knee_r_duration_val, sex_female","knee_r_exam_creps_right, knee_l_exam_creps_left",0.13286713286713286,0.8636363636363635,3.012195121951219
"knee_r_exam_creps_right, sex_female",knee_l_exam_tenderness_knee,0.16083916083916083,0.8214285714285714,3.011904761904762
"knee_r_exam_creps_right, medication_ongoing, surgery_other",knee_l_exam_creps_left,0.1258741258741259,0.9473684210526316,3.0105263157894737
"medication_ongoing, surgery_other, lumbar_exam_tenderness","lumbar_present, knee_present",0.11188811188811189,0.8421052631578948,3.0105263157894737
"tongue_sama, knee_r_exam_tenderness_knee, knee_r_duration_val, medication_ongoing","knee_r_exam_creps_right, knee_present",0.13286713286713286,0.9047619047619048,3.008859357696567
"knee_l_exam_tenderness_knee, knee_r_duration_val, knee_present","knee_r_exam_creps_right, knee_l_exam_creps_left",0.17482517482517482,0.8620689655172414,3.0067283431455007
"gas, knee_l_morning_stiffness","tongue_sama, sex_female, knee_present",0.1048951048951049,0.8823529411764706,3.004201680672269
"knee_r_exam_creps_right, medication_ongoing, knee_present, appetite_normal",knee_l_exam_creps_left,0.11888111888111888,0.9444444444444443,3.001234567901234
"knee_l_duration_val, medication_ongoing, knee_r_exam_creps_right, knee_l_exam_creps_left, tongue_sama",knee_l_exam_tenderness_knee,0.1258741258741259,0.8181818181818182,3.0000000000000004
"knee_l_duration_val, knee_present, knee_l_exam_creps_left, sex_female, urine_normal",knee_r_exam_creps_right,0.1258741258741259,0.9,2.993023255813954
"knee_r_exam_tenderness_knee, knee_present",knee_l_exam_tenderness_knee,0.21678321678321677,0.8157894736842105,2.991228070175439
"knee_r_exam_tenderness_knee, knee_present, tongue_sama, knee_r_duration_val, urine_normal",knee_l_exam_creps_left,0.11188811188811189,0.9411764705882353,2.9908496732026144
"knee_l_duration_val, knee_r_duration_val, knee_l_exam_tenderness_knee","knee_r_exam_creps_right, knee_l_exam_creps_left, knee_present",0.16783216783216784,0.8571428571428572,2.9895470383275264
"knee_r_duration_val, gas, knee_present","tongue_sama, knee_l_duration_val",0.15384615384615385,0.8148148148148149,2.9876543209876547
"knee_l_exam_creps_left, knee_l_duration_val",knee_l_exam_tenderness_knee,0.18181818181818182,0.8125,2.979166666666667
"knee_r_morning_stiffness_duration, knee_r_duration_val, knee_l_morning_stiffness, knee_r_morning_stiffness","knee_l_duration_val, medication_ongoing",0.11888111888111888,1.0,2.9791666666666665
"knee_r_exam_creps_right, knee_l_duration_val, knee_r_duration_val, stool_satisfactory",knee_l_exam_creps_left,0.1048951048951049,0.9375,2.9791666666666665
"gas, medication_ongoing, surgery_other_duration_days, knee_present","surgery_other, sex_female",0.1048951048951049,0.8333333333333333,2.979166666666666
"knee_l_exam_creps_left, knee_l_duration_val, sex_female, knee_l_exam_rom",knee_r_exam_creps_right,0.11888111888111888,0.8947368421052632,2.9755201958384334
"knee_r_exam_creps_right, urine_normal","knee_l_exam_creps_left, knee_present",0.20279720279720279,0.935483870967742,2.9727598566308244
"knee_l_exam_creps_left, medication_ongoing, knee_present, urine_normal",knee_r_exam_creps_right,0.17482517482517482,0.8928571428571428,2.969269102990033
"knee_r_exam_creps_right, knee_r_exam_tenderness_knee, knee_r_duration_val, medication_ongoing","tongue_sama, knee_l_duration_val, knee_present",0.11888111888111888,0.8095238095238095,2.9682539682539684
"knee_l_duration_val, knee_r_exam_tenderness_knee, sex_female","knee_r_exam_creps_right, knee_l_exam_creps_left, knee_present",0.11888111888111888,0.85,2.964634146341463
"knee_l_duration_val, medication_ongoing, knee_r_exam_creps_right, knee_l_exam_creps_left, knee_r_duration_val",knee_l_exam_tenderness_knee,0.14685314685314685,0.8076923076923076,2.9615384615384612
"knee_r_exam_creps_right, urine_normal","knee_l_exam_creps_left, medication_ongoing",0.17482517482517482,0.8064516129032259,2.9569892473118284
"knee_l_exam_creps_left, knee_l_morning_stiffness",knee_r_exam_creps_right,0.11188811188811189,0.8888888888888888,2.956072351421189
"appetite_normal, surgery_other_duration_days","medication_ongoing, surgery_other, knee_present",0.16783216783216784,0.888888888888889,2.956072351421189
"medication_ongoing, knee_r_duration_val, knee_l_exam_tenderness_knee","knee_r_exam_creps_right, knee_l_exam_creps_left, knee_present",0.15384615384615385,0.8461538461538461,2.951219512195122
"knee_l_exam_creps_left, sex_female, knee_l_exam_tenderness_knee","knee_r_exam_creps_right, knee_present",0.16083916083916083,0.8846153846153846,2.941860465116279
"knee_l_duration_val, knee_r_exam_tenderness_knee, knee_r_duration_val, sex_female, knee_l_exam_tenderness_knee","knee_r_exam_creps_right, knee_l_exam_creps_left",0.11188811188811189,0.8421052631578948,2.9370988446726574
"tongue_sama, knee_r_exam_rom","knee_r_exam_creps_right, knee_present",0.1048951048951049,0.8823529411764706,2.9343365253077978
"appetite_normal, medication_ongoing, surgery_other_duration_days","surgery_other, knee_present",0.16783216783216784,0.9230769230769231,2.9333333333333336
"knee_r_exam_tenderness_knee, knee_r_duration_val, knee_present, knee_l_exam_tenderness_knee","knee_r_exam_creps_right, knee_l_exam_creps_left",0.14685314685314685,0.84,2.9297560975609755
"tongue_sama, knee_l_exam_creps_left, urine_normal","knee_r_exam_creps_right, knee_present",0.15384615384615385,0.8800000000000001,2.926511627906977
"knee_l_exam_creps_left, acidity","gas, knee_present",0.1258741258741259,0.9,2.925
"knee_l_exam_creps_left, urine_normal",knee_r_exam_creps_right,0.20279720279720279,0.8787878787878787,2.9224806201550386
"knee_l_duration_val, knee_r_morning_stiffness_duration","medication_ongoing, knee_r_duration_val",0.11888111888111888,1.0,2.9183673469387754
"tongue_sama, stool_unsatisfactory, lumbar_exam_tenderness, medication_ongoing","gas, acidity",0.1048951048951049,0.9375,2.9144021739130435
"tongue_sama, knee_r_exam_tenderness_knee, knee_r_duration_val",knee_l_exam_creps_left,0.15384615384615385,0.9166666666666666,2.912962962962963
"knee_r_duration_val, knee_l_duration_val, knee_r_exam_tenderness_knee, knee_l_exam_tenderness_knee","knee_r_exam_creps_right, knee_l_exam_creps_left, knee_present",0.13986013986013987,0.8333333333333334,2.9065040650406506
"medication_ongoing, knee_r_duration_val, urine_normal, knee_l_exam_tenderness_knee","knee_r_exam_creps_right, knee_l_exam_creps_left, knee_present",0.1048951048951049,0.8333333333333333,2.90650406504065
"surgery_other_duration_days, comorb_other","surgery_other, knee_present",0.14685314685314685,0.9130434782608696,2.901449275362319
"knee_l_exam_creps_left, sex_female","knee_r_exam_creps_right, knee_present",0.1888111888111888,0.8709677419354839,2.8964741185296328
"surgery_other_duration_days, knee_present, urine_normal","surgery_other, sex_female",0.11888111888111888,0.8095238095238095,2.894047619047619
"knee_l_morning_stiffness, nidra_disturbed","tongue_sama, sex_female, knee_present",0.11888111888111888,0.85,2.894047619047619
"knee_l_exam_creps_left, surgery_other",knee_r_exam_creps_right,0.13986013986013987,0.8695652173913044,2.8918099089989893
"tongue_sama, knee_l_exam_tenderness_knee, knee_r_duration_val","knee_l_exam_creps_left, knee_present",0.13986013986013987,0.9090909090909091,2.888888888888889
"knee_r_exam_creps_right, acidity","gas, knee_present",0.11188811188811189,0.8888888888888888,2.8888888888888884
"knee_r_exam_tenderness_knee, knee_l_exam_rom","knee_l_duration_val, knee_r_duration_val",0.1258741258741259,0.9473684210526316,2.882418812989922
"tongue_sama, knee_r_exam_tenderness_knee","knee_r_exam_creps_right, knee_present",0.18181818181818182,0.8666666666666667,2.8821705426356594
"knee_l_duration_val, knee_r_exam_tenderness_knee, medication_ongoing","knee_r_exam_creps_right, knee_l_exam_creps_left, knee_present",0.13286713286713286,0.8260869565217391,2.8812301166489926
"tongue_sama, knee_l_exam_tenderness_knee, gas, knee_present",knee_l_exam_creps_left,0.13286713286713286,0.9047619047619048,2.875132275132275
"medication_ongoing, sex_female, knee_r_exam_rom","knee_l_duration_val, knee_r_duration_val",0.11888111888111888,0.9444444444444443,2.8735224586288415
"knee_l_duration_val, knee_r_duration_val, sex_female, knee_l_exam_tenderness_knee",knee_r_exam_creps_right,0.13286713286713286,0.8636363636363635,2.8720930232558137
"surgery_other, knee_r_morning_stiffness","knee_l_duration_val, knee_r_duration_val, medication_ongoing",0.1048951048951049,0.8823529411764706,2.867647058823529
"knee_l_exam_tenderness_knee, knee_r_duration_val",knee_r_exam_creps_right,0.17482517482517482,0.8620689655172414,2.8668805132317567
"knee_r_exam_tenderness_knee, knee_r_exam_creps_right, knee_l_exam_creps_left, knee_l_exam_tenderness_knee, urine_normal","knee_l_duration_val, knee_r_duration_val",0.11188811188811189,0.9411764705882353,2.863579474342929
"tongue_sama, medication_ongoing, knee_r_duration_val, knee_l_exam_tenderness_knee",knee_l_exam_creps_left,0.1258741258741259,0.9,2.86
"tongue_sama, knee_r_duration_val, sex_female","knee_l_duration_val, medication_ongoing",0.16083916083916083,0.9583333333333333,2.855034722222222
"knee_l_exam_rom, knee_r_exam_rom","knee_r_exam_creps_right, knee_l_exam_creps_left",0.1258741258741259,0.8181818181818182,2.853658536585366
"knee_r_exam_tenderness_knee, knee_present, knee_r_exam_rom, knee_l_exam_rom, knee_l_exam_tenderness_knee","knee_l_duration_val, knee_r_duration_val",0.1048951048951049,0.9375,2.852393617021277
"knee_l_exam_creps_left, surgery_other, medication_ongoing",knee_r_exam_creps_right,0.1258741258741259,0.8571428571428572,2.850498338870432
"knee_r_duration_val, knee_l_morning_stiffness, knee_r_morning_stiffness","knee_l_duration_val, medication_ongoing, knee_present",0.15384615384615385,0.9565217391304349,2.8496376811594204
"knee_l_duration_val, sex_female, urine_normal, knee_l_exam_tenderness_knee","knee_l_exam_creps_left, knee_present",0.11888111888111888,0.8947368421052632,2.8432748538011694
"medication_ongoing, knee_l_morning_stiffness, nidra_disturbed","tongue_sama, sex_female, knee_present",0.1048951048951049,0.8333333333333333,2.837301587301587
"tongue_sama, knee_r_duration_val, knee_present, knee_r_morning_stiffness","knee_l_duration_val, medication_ongoing",0.13286713286713286,0.95,2.830208333333333
"knee_l_duration_val, medication_ongoing, knee_r_duration_val, sex_female, knee_l_exam_tenderness_knee",knee_r_exam_creps_right,0.11888111888111888,0.85,2.8267441860465117
"appetite_normal, surgery_other_duration_days","surgery_other, knee_present",0.16783216783216784,0.888888888888889,2.8246913580246917
"stool_unsatisfactory, medication_ongoing, lumbar_present, acidity, gas",lumbar_exam_tenderness,0.11188811188811189,0.8888888888888888,2.8246913580246913
"knee_l_exam_tenderness_knee, knee_r_duration_val, knee_present, knee_l_exam_rom","knee_r_exam_creps_right, knee_l_exam_creps_left",0.11888111888111888,0.8095238095238095,2.823461091753775
"knee_r_duration_val, lumbar_present","medication_ongoing, knee_present, knee_l_duration_val",0.1258741258741259,0.9473684210526316,2.822368421052632
"knee_r_exam_tenderness_knee, knee_r_duration_val, medication_ongoing","knee_r_exam_creps_right, knee_l_exam_creps_left, knee_present",0.14685314685314685,0.8076923076923076,2.8170731707317067
"tongue_sama, knee_r_exam_tenderness_knee, medication_ongoing","knee_r_exam_creps_right, knee_present",0.15384615384615385,0.8461538461538461,2.813953488372093
"knee_r_duration_val, sex_female, knee_l_morning_stiffness","medication_ongoing, knee_l_duration_val",0.11888111888111888,0.9444444444444443,2.813657407407407
"knee_r_exam_tenderness_knee, knee_present, knee_l_exam_tenderness_knee","knee_r_exam_creps_right, knee_l_exam_creps_left",0.17482517482517482,0.8064516129032259,2.812745869394178
"knee_r_exam_tenderness_knee, medication_ongoing, gas, knee_l_exam_tenderness_knee","knee_l_exam_creps_left, knee_present",0.1048951048951049,0.8823529411764706,2.803921568627451
"lumbar_exam_tenderness, gas, nidra_disturbed","tongue_sama, lumbar_present",0.1048951048951049,1.0,2.803921568627451
"knee_r_exam_creps_right, knee_l_exam_creps_left, sex_female, knee_l_exam_rom","knee_l_duration_val, medication_ongoing, knee_present",0.11188811188811189,0.9411764705882353,2.803921568627451
"knee_r_exam_tenderness_knee, lumbar_present",knee_r_exam_creps_right,0.11188811188811189,0.8421052631578948,2.800489596083232
"knee_r_exam_tenderness_knee, knee_r_duration_val, knee_l_exam_tenderness_knee",knee_r_exam_creps_right,0.14685314685314685,0.84,2.7934883720930235
"knee_r_exam_tenderness_knee, knee_r_duration_val, sex_female, knee_l_exam_rom","knee_l_duration_val, medication_ongoing, knee_present",0.1048951048951049,0.9375,2.79296875
"knee_l_duration_val, knee_r_morning_stiffness","medication_ongoing, knee_r_duration_val",0.15384615384615385,0.9565217391304349,2.791481810115351
"knee_l_duration_val, sex_female, knee_l_exam_tenderness_knee",knee_l_exam_creps_left,0.14685314685314685,0.8749999999999999,2.780555555555555
"tongue_sama, knee_l_duration_val, knee_r_morning_stiffness","medication_ongoing, knee_r_duration_val, knee_present",0.13286713286713286,0.95,2.772448979591837
"knee_l_exam_creps_left, sex_female, knee_present, urine_normal",knee_r_exam_creps_right,0.13986013986013987,0.8333333333333334,2.771317829457365
"knee_l_duration_val, medication_ongoing, knee_present, knee_r_duration_val, knee_l_exam_tenderness_knee, urine_normal",knee_r_exam_creps_right,0.1048951048951049,0.8333333333333333,2.7713178294573644
"tongue_sama, knee_l_exam_tenderness_knee, knee_present",knee_l_exam_creps_left,0.1888111888111888,0.8709677419354839,2.767741935483871
"knee_present, knee_l_exam_rom, knee_r_exam_rom","knee_l_duration_val, knee_r_duration_val",0.13986013986013987,0.9090909090909091,2.765957446808511
"tongue_sama, knee_l_duration_val, hypertension","medication_ongoing, knee_r_duration_val",0.1258741258741259,0.9473684210526316,2.7647690655209454
"knee_l_duration_val, knee_present, urine_normal, knee_l_exam_tenderness_knee",knee_l_exam_creps_left,0.13986013986013987,0.8695652173913044,2.7632850241545897
"stool_unsatisfactory, lumbar_present, medication_ongoing, lumbar_exam_tenderness","gas, acidity",0.11188811188811189,0.8888888888888888,2.763285024154589
"knee_l_morning_stiffness_duration, knee_r_morning_stiffness_duration, knee_l_morning_stiffness","knee_l_duration_val, knee_r_duration_val, medication_ongoing",0.11888111888111888,0.85,2.7624999999999997
"sex_female, knee_l_exam_rom, knee_r_exam_rom","medication_ongoing, knee_r_duration_val",0.11888111888111888,0.9444444444444443,2.7562358276643986
"knee_l_duration_val, knee_l_exam_tenderness_knee","knee_l_exam_creps_left, knee_present",0.18181818181818182,0.8666666666666667,2.754074074074074
"medication_ongoing, knee_l_morning_stiffness, knee_present, tongue_sama, knee_r_morning_stiffness","knee_l_duration_val, knee_r_duration_val",0.13286713286713286,0.9047619047619048,2.7527862208713274
"lumbar_exam_tenderness, gas","tongue_sama, medication_ongoing, lumbar_present",0.16783216783216784,0.8275862068965518,2.7522052927024867
"knee_r_exam_creps_right, knee_l_exam_creps_left, sex_female, knee_l_exam_rom","knee_l_duration_val, knee_present",0.11888111888111888,1.0,2.75
"knee_l_duration_val, knee_present, urine_normal, knee_l_exam_tenderness_knee",knee_r_exam_creps_right,0.13286713286713286,0.8260869565217391,2.7472194135490398
"knee_l_duration_val, sex_female, knee_l_morning_stiffness, knee_r_morning_stiffness","medication_ongoing, knee_r_duration_val",0.11188811188811189,0.9411764705882353,2.7466986794717885
"knee_r_exam_tenderness_knee, gas","knee_l_exam_creps_left, knee_present",0.13286713286713286,0.8636363636363635,2.744444444444444
hypertension_duration_days,"medication_ongoing, hypertension",0.16083916083916083,0.9583333333333333,2.7408333333333332
"knee_l_exam_tenderness_knee, knee_r_duration_val","knee_l_exam_creps_left, knee_present",0.17482517482517482,0.8620689655172414,2.739463601532567
"knee_present, knee_r_exam_creps_right, knee_l_exam_creps_left, knee_l_exam_tenderness_knee, urine_normal","knee_l_duration_val, knee_r_duration_val",0.1258741258741259,0.9,2.738297872340426
"knee_r_exam_tenderness_knee, knee_l_exam_rom","knee_l_duration_val, knee_r_duration_val, medication_ongoing",0.11188811188811189,0.8421052631578948,2.736842105263158
surgery_other_duration_days,"surgery_other, knee_present",0.21678321678321677,0.8611111111111109,2.736419753086419
"knee_l_duration_val, surgery_other, knee_l_morning_stiffness","medication_ongoing, knee_r_duration_val",0.1048951048951049,0.9375,2.735969387755102
"knee_l_exam_tenderness_knee, sex_female, knee_l_exam_rom",knee_l_exam_creps_left,0.1258741258741259,0.8571428571428572,2.723809523809524
"knee_l_exam_tenderness_knee, knee_r_exam_rom","knee_l_duration_val, knee_r_duration_val, knee_present",0.11888111888111888,0.8947368421052632,2.722284434490482
"knee_r_exam_tenderness_knee, medication_ongoing, knee_present, tongue_sama, knee_l_exam_tenderness_knee",knee_r_exam_creps_right,0.1258741258741259,0.8181818181818182,2.72093023255814
"knee_r_exam_creps_right, knee_r_duration_val, sex_female","knee_l_duration_val, medication_ongoing",0.14685314685314685,0.9130434782608696,2.720108695652174
"knee_l_exam_tenderness_knee, knee_present, knee_l_exam_rom, knee_r_exam_rom","knee_l_duration_val, knee_r_duration_val, medication_ongoing",0.1048951048951049,0.8333333333333333,2.708333333333333
"knee_r_exam_creps_right, knee_l_exam_creps_left, knee_r_duration_val, sex_female","knee_l_duration_val, medication_ongoing, knee_present",0.13986013986013987,0.9090909090909091,2.708333333333333
"knee_l_exam_tenderness_knee, knee_present, urine_normal",knee_l_exam_creps_left,0.16083916083916083,0.8518518518518519,2.7069958847736624
"knee_r_exam_tenderness_knee, medication_ongoing, urine_normal, knee_l_exam_tenderness_knee","knee_l_duration_val, knee_r_duration_val",0.11188811188811189,0.8888888888888888,2.7044917257683214
"knee_l_duration_val, knee_r_exam_tenderness_knee, sex_female","knee_l_exam_creps_left, knee_present",0.11888111888111888,0.85,2.701111111111111
"hypertension_duration_days, stool_satisfactory","medication_ongoing, hypertension",0.11888111888111888,0.9444444444444443,2.701111111111111
"knee_l_duration_val, knee_r_exam_tenderness_knee, medication_ongoing, knee_l_exam_rom, knee_l_exam_tenderness_knee","knee_r_duration_val, knee_present",0.1048951048951049,1.0,2.69811320754717
"knee_l_duration_val, knee_r_exam_tenderness_knee, medication_ongoing, knee_r_duration_val, knee_l_exam_tenderness_knee","knee_r_exam_creps_right, knee_present",0.11888111888111888,0.8095238095238095,2.692137320044297
"appetite_normal, hypertension_duration_days","medication_ongoing, hypertension",0.11188811188811189,0.9411764705882353,2.691764705882353
knee_l_exam_tenderness_knee,"knee_l_exam_creps_left, knee_present",0.23076923076923078,0.8461538461538463,2.688888888888889
"tongue_sama, knee_r_exam_tenderness_knee, medication_ongoing",knee_l_exam_creps_left,0.15384615384615385,0.8461538461538461,2.6888888888888887
knee_r_exam_rom,"knee_r_exam_creps_right, knee_present",0.14685314685314685,0.8076923076923076,2.686046511627907
"tongue_sama, knee_l_morning_stiffness, knee_present, knee_r_morning_stiffness","knee_l_duration_val, knee_r_duration_val, medication_ongoing",0.13286713286713286,0.8260869565217391,2.684782608695652
"knee_r_exam_creps_right, knee_present, urine_normal, stool_satisfactory","knee_l_duration_val, knee_r_duration_val",0.1048951048951049,0.8823529411764706,2.6846057571964956
"knee_r_exam_tenderness_knee, knee_present, knee_l_exam_tenderness_knee",knee_r_exam_creps_right,0.17482517482517482,0.8064516129032259,2.6819204801200303
"knee_r_duration_val, knee_r_diag_oa_knee","medication_ongoing, knee_l_duration_val",0.1258741258741259,0.9,2.68125
"medication_ongoing, knee_l_morning_stiffness, knee_present, knee_r_morning_stiffness","knee_l_duration_val, knee_r_duration_val",0.15384615384615385,0.8800000000000001,2.6774468085106387
"medication_ongoing, stool_unsatisfactory, lumbar_present, acidity",lumbar_exam_tenderness,0.11188811188811189,0.8421052631578948,2.6760233918128655
"knee_l_duration_val, hypertension","medication_ongoing, knee_r_duration_val, knee_present",0.15384615384615385,0.9166666666666666,2.6751700680272106
"tongue_sama, knee_r_exam_tenderness_knee, knee_present, knee_l_exam_tenderness_knee",knee_l_exam_creps_left,0.14685314685314685,0.84,2.6693333333333333
"tongue_sama, knee_r_duration_val, surgery_other","knee_l_duration_val, medication_ongoing",0.11888111888111888,0.8947368421052632,2.6655701754385963
"surgery_other_duration_days, knee_present","medication_ongoing, surgery_other",0.2097902097902098,0.967741935483871,2.661290322580645
knee_l_morning_stiffness_duration,"knee_l_duration_val, knee_r_duration_val, medication_ongoing, knee_present",0.1258741258741259,0.8181818181818182,2.659090909090909
"knee_l_exam_tenderness_knee, knee_r_duration_val, knee_present",knee_l_duration_val,0.1958041958041958,0.9655172413793104,2.6551724137931036
"knee_l_morning_stiffness, knee_r_morning_stiffness","knee_l_duration_val, knee_r_duration_val, medication_ongoing, knee_present",0.15384615384615385,0.8148148148148149,2.6481481481481484
"appetite_normal, surgery_other_duration_days","medication_ongoing, surgery_other",0.18181818181818182,0.962962962962963,2.6481481481481484
"tongue_sama, surgery_other_duration_days","surgery_other, knee_present",0.13986013986013987,0.8333333333333334,2.6481481481481484
"knee_l_duration_val, knee_r_duration_val, sex_female, knee_r_exam_rom",knee_l_exam_creps_left,0.1048951048951049,0.8333333333333333,2.648148148148148
"tongue_sama, knee_r_duration_val, acidity","knee_l_duration_val, medication_ongoing",0.11188811188811189,0.8888888888888888,2.648148148148148
"stool_unsatisfactory, lumbar_exam_tenderness, acidity","tongue_sama, lumbar_present",0.11888111888111888,0.9444444444444443,2.6481481481481475
"tongue_sama, knee_l_morning_stiffness, knee_r_morning_stiffness","knee_l_duration_val, knee_r_duration_val",0.13986013986013987,0.8695652173913044,2.645698427382054
"medication_ongoing, knee_r_duration_val, knee_l_exam_tenderness_knee",knee_l_duration_val,0.17482517482517482,0.9615384615384615,2.6442307692307687
"stool_unsatisfactory, lumbar_exam_tenderness","gas, acidity",0.11888111888111888,0.85,2.642391304347826
"knee_l_duration_val, knee_present, knee_r_exam_rom","medication_ongoing, knee_r_duration_val",0.13286713286713286,0.9047619047619048,2.640427599611273
"tongue_sama, knee_r_duration_val, urine_normal","knee_l_duration_val, knee_present",0.16783216783216784,0.9600000000000001,2.64
"lumbar_related_tingling, lumbar_exam_tenderness","tongue_sama, lumbar_present",0.11188811188811189,0.9411764705882353,2.6389850057670126
"sex_female, knee_present, surgery_other_duration_days","medication_ongoing, surgery_other",0.16083916083916083,0.9583333333333333,2.6354166666666665
"knee_r_exam_creps_right, knee_l_exam_creps_left, knee_r_duration_val, urine_normal","knee_l_duration_val, knee_present",0.15384615384615385,0.9565217391304349,2.630434782608696
"medication_ongoing, lumbar_diag_lumbar_spondylosis, nidra_disturbed","tongue_sama, lumbar_present",0.1048951048951049,0.9375,2.628676470588235
"knee_r_exam_creps_right, knee_l_exam_creps_left, knee_r_duration_val, knee_r_diag_oa_knee","knee_l_duration_val, medication_ongoing",0.1048951048951049,0.8823529411764706,2.628676470588235
"sex_female, knee_r_exam_rom","medication_ongoing, knee_r_duration_val, knee_present",0.1258741258741259,0.9,2.626530612244898
"knee_r_exam_tenderness_knee, knee_r_duration_val, knee_present, urine_normal",knee_l_exam_creps_left,0.13286713286713286,0.8260869565217391,2.6251207729468597
"medication_ongoing, knee_r_duration_val, knee_l_exam_rom",knee_l_duration_val,0.14685314685314685,0.9545454545454545,2.6249999999999996
"knee_r_duration_val, hypertension","knee_l_duration_val, medication_ongoing, knee_present",0.15384615384615385,0.8800000000000001,2.621666666666667
"knee_r_exam_creps_right, knee_r_exam_tenderness_knee, knee_r_duration_val, knee_l_exam_tenderness_knee","knee_l_duration_val, knee_present",0.13986013986013987,0.9523809523809524,2.619047619047619
"medication_ongoing, knee_present, knee_l_exam_tenderness_knee",knee_l_exam_creps_left,0.1958041958041958,0.823529411764706,2.6169934640522876
"tongue_sama, medication_ongoing, knee_r_duration_val, knee_l_exam_tenderness_knee",knee_l_duration_val,0.13286713286713286,0.95,2.6125
"knee_l_duration_val, knee_r_exam_tenderness_knee, knee_present, knee_r_exam_creps_right, tongue_sama","medication_ongoing, knee_r_duration_val",0.11888111888111888,0.8947368421052632,2.611170784103115
"knee_r_exam_creps_right, knee_l_duration_val, knee_present",knee_r_duration_val,0.2097902097902098,0.967741935483871,2.6110772976262933
"knee_r_exam_creps_right, knee_l_duration_val, knee_l_exam_creps_left",knee_r_duration_val,0.20279720279720279,0.9666666666666666,2.6081761006289303
"knee_r_exam_creps_right, knee_l_exam_rom","knee_l_duration_val, knee_r_duration_val, knee_present",0.1258741258741259,0.8571428571428572,2.6079027355623103
"knee_r_duration_val, knee_present, knee_l_exam_rom","knee_l_duration_val, medication_ongoing",0.14685314685314685,0.8749999999999999,2.606770833333333
"knee_present, knee_r_exam_creps_right, knee_l_exam_creps_left, knee_r_duration_val, knee_l_exam_rom",knee_l_duration_val,0.1258741258741259,0.9473684210526316,2.6052631578947367
"knee_r_exam_creps_right, knee_l_duration_val, medication_ongoing",knee_r_duration_val,0.1888111888111888,0.9642857142857142,2.601752021563342
"knee_r_exam_tenderness_knee, knee_r_duration_val, medication_ongoing, knee_l_exam_tenderness_knee",knee_l_exam_creps_left,0.1258741258741259,0.8181818181818182,2.6
"knee_r_exam_creps_right, knee_l_duration_val, medication_ongoing, knee_l_exam_creps_left","knee_r_duration_val, knee_present",0.18181818181818182,0.962962962962963,2.598183088749127
"tongue_sama, knee_r_duration_val, knee_present","knee_l_duration_val, medication_ongoing",0.23776223776223776,0.8717948717948718,2.5972222222222223
"medication_ongoing, tongue_sama, knee_l_exam_creps_left, knee_r_duration_val, knee_l_exam_tenderness_knee",knee_l_duration_val,0.11888111888111888,0.9444444444444443,2.597222222222222
"knee_l_duration_val, medication_ongoing, knee_l_exam_tenderness_knee",knee_r_duration_val,0.17482517482517482,0.9615384615384615,2.594339622641509
"knee_l_duration_val, knee_r_exam_tenderness_knee, knee_l_exam_rom","medication_ongoing, knee_r_duration_val, knee_present",0.11188811188811189,0.8888888888888888,2.5941043083900226
"knee_l_morning_stiffness, knee_r_morning_stiffness","knee_l_duration_val, knee_r_duration_val",0.16083916083916083,0.8518518518518519,2.591804570527975
"knee_r_exam_creps_right, knee_l_duration_val, knee_l_exam_tenderness_knee, knee_l_exam_creps_left",knee_r_duration_val,0.16783216783216784,0.9600000000000001,2.590188679245283
"tongue_sama, lumbar_present, acidity",lumbar_exam_tenderness,0.15384615384615385,0.8148148148148149,2.589300411522634
"knee_r_exam_creps_right, medication_ongoing, knee_r_duration_val, gas",knee_l_duration_val,0.11188811188811189,0.9411764705882353,2.5882352941176467
"knee_l_morning_stiffness_duration, knee_l_morning_stiffness, knee_r_morning_stiffness","knee_l_duration_val, knee_r_duration_val",0.11888111888111888,0.85,2.5861702127659574
"knee_r_exam_creps_right, knee_l_duration_val, urine_normal","knee_r_duration_val, knee_present",0.16083916083916083,0.9583333333333333,2.5856918238993707
"knee_l_duration_val, knee_r_exam_tenderness_knee","medication_ongoing, knee_r_duration_val",0.16083916083916083,0.8846153846153846,2.5816326530612246
"knee_r_exam_creps_right, knee_l_duration_val, sex_female, knee_l_exam_creps_left","knee_r_duration_val, knee_present",0.15384615384615385,0.9565217391304349,2.580803937653815
"knee_r_exam_tenderness_knee, knee_l_exam_rom, knee_r_exam_rom, knee_l_exam_tenderness_knee",knee_l_duration_val,0.1048951048951049,0.9375,2.578125
"knee_r_duration_val, sex_female","medication_ongoing, knee_l_duration_val",0.22377622377622378,0.8648648648648648,2.5765765765765765
"tongue_sama, knee_l_duration_val, medication_ongoing, gas",knee_r_duration_val,0.14685314685314685,0.9545454545454545,2.5754716981132075
"surgery_other, knee_l_morning_stiffness, knee_r_morning_stiffness","medication_ongoing, knee_r_duration_val",0.1048951048951049,0.8823529411764706,2.575030012004802
"tongue_sama, knee_l_exam_tenderness_knee, knee_r_duration_val","knee_l_duration_val, medication_ongoing",0.13286713286713286,0.8636363636363635,2.572916666666666
"knee_l_duration_val, knee_r_duration_val, knee_present, knee_r_exam_rom",knee_l_exam_creps_left,0.11888111888111888,0.8095238095238095,2.5724867724867724
"lumbar_exam_tenderness, acidity","tongue_sama, lumbar_present",0.15384615384615385,0.9166666666666666,2.5702614379084965
"knee_l_duration_val, medication_ongoing, knee_present, knee_r_exam_creps_right, urine_normal",knee_r_duration_val,0.13986013986013987,0.9523809523809524,2.5696316262354
"knee_l_exam_tenderness_knee, knee_r_duration_val, knee_present","knee_l_duration_val, medication_ongoing",0.17482517482517482,0.8620689655172414,2.568247126436782
"knee_l_duration_val, gas","medication_ongoing, knee_r_duration_val, knee_present",0.15384615384615385,0.8800000000000001,2.5681632653061226
"medication_ongoing, lumbar_present, gas, urine_normal",lumbar_exam_tenderness,0.14685314685314685,0.8076923076923076,2.5666666666666664
"knee_l_duration_val, medication_ongoing, knee_present, knee_r_exam_creps_right, knee_l_exam_creps_left, urine_normal",knee_r_duration_val,0.13286713286713286,0.95,2.563207547169811
"knee_r_exam_tenderness_knee, knee_l_exam_tenderness_knee",knee_l_exam_creps_left,0.17482517482517482,0.8064516129032259,2.5627240143369177
"knee_r_exam_creps_right, knee_present, stool_satisfactory","knee_l_duration_val, knee_r_duration_val",0.11188811188811189,0.8421052631578948,2.562150055991042
"knee_r_exam_creps_right, medication_ongoing, knee_r_duration_val, knee_present",knee_l_duration_val,0.1888111888111888,0.9310344827586207,2.560344827586207
"lumbar_exam_tenderness, gas, urine_normal","tongue_sama, lumbar_present",0.14685314685314685,0.9130434782608696,2.5601023017902813
"knee_l_duration_val, knee_present, knee_r_exam_creps_right, knee_l_exam_tenderness_knee, urine_normal",knee_r_duration_val,0.1258741258741259,0.9473684210526316,2.5561072492552137
"knee_r_exam_creps_right, medication_ongoing, sex_female","knee_l_duration_val, knee_r_duration_val, knee_present",0.14685314685314685,0.84,2.5557446808510638
"knee_l_exam_tenderness_knee, knee_r_duration_val, knee_l_exam_rom","knee_l_duration_val, medication_ongoing, knee_present",0.1258741258741259,0.8571428571428572,2.553571428571429
"knee_r_duration_val, surgery_other_duration_days, knee_present, comorb_other",surgery_other,0.11188811188811189,1.0,2.5535714285714284
"knee_r_exam_creps_right, knee_l_duration_val, sex_female, knee_present","medication_ongoing, knee_r_duration_val",0.14685314685314685,0.8749999999999999,2.5535714285714284
"knee_l_exam_creps_left, knee_r_duration_val, medication_ongoing",knee_l_duration_val,0.18181818181818182,0.9285714285714286,2.5535714285714284
"lumbar_exam_tenderness, gas, acidity","tongue_sama, lumbar_present",0.13986013986013987,0.9090909090909091,2.549019607843137
"knee_r_exam_creps_right, knee_l_duration_val, urine_normal, tongue_sama",knee_r_duration_val,0.11888111888111888,0.9444444444444443,2.5482180293501044
"sex_female, knee_present, knee_l_exam_rom",knee_l_duration_val,0.17482517482517482,0.9259259259259259,2.5462962962962963
"tongue_sama, knee_l_duration_val, knee_present","medication_ongoing, knee_r_duration_val",0.23776223776223776,0.8717948717948718,2.54421768707483
"knee_r_exam_creps_right, knee_l_duration_val","medication_ongoing, knee_r_duration_val, knee_present",0.1888111888111888,0.8709677419354839,2.5418038183015144
"medication_ongoing, sex_female, gas, knee_l_duration_val","knee_r_duration_val, knee_present",0.11188811188811189,0.9411764705882353,2.539400665926748
"tongue_sama, knee_r_duration_val, knee_present",knee_l_duration_val,0.2517482517482518,0.9230769230769232,2.5384615384615388
"medication_ongoing, knee_r_duration_val, stool_satisfactory",knee_l_duration_val,0.16783216783216784,0.9230769230769231,2.5384615384615383
"sex_female, knee_present, knee_l_exam_rom","medication_ongoing, knee_l_duration_val",0.16083916083916083,0.8518518518518519,2.5378086419753085
"knee_r_exam_creps_right, knee_l_duration_val, sex_female, knee_l_exam_creps_left","medication_ongoing, knee_r_duration_val",0.13986013986013987,0.8695652173913044,2.5377107364685005
"medication_ongoing, lumbar_exam_tenderness, gas, acidity","tongue_sama, lumbar_present",0.13286713286713286,0.9047619047619048,2.5368814192343603
"knee_r_exam_creps_right, medication_ongoing, sex_female, knee_l_exam_creps_left","knee_l_duration_val, knee_r_duration_val",0.13986013986013987,0.8333333333333334,2.535460992907802
"knee_r_exam_creps_right, medication_ongoing, knee_present, knee_r_exam_rom","knee_l_duration_val, knee_r_duration_val",0.1048951048951049,0.8333333333333333,2.5354609929078014
"knee_l_morning_stiffness_duration, knee_r_morning_stiffness","knee_l_duration_val, medication_ongoing",0.11888111888111888,0.85,2.5322916666666666
"medication_ongoing, sex_female, knee_present, knee_l_exam_rom",knee_l_duration_val,0.16083916083916083,0.92,2.5300000000000002
"knee_l_exam_creps_left, knee_l_duration_val, knee_present, knee_l_diag_oa_knee",knee_r_duration_val,0.1048951048951049,0.9375,2.5294811320754715
"knee_r_exam_creps_right, knee_l_duration_val, knee_present, knee_l_exam_creps_left","medication_ongoing, knee_r_duration_val",0.18181818181818182,0.8666666666666667,2.5292517006802724
"knee_r_duration_val, sex_female, knee_present",knee_l_duration_val,0.23776223776223776,0.9189189189189189,2.5270270270270268
lumbar_related_tingling,"tongue_sama, lumbar_present",0.1258741258741259,0.9,2.523529411764706
"tongue_sama, knee_r_duration_val, gas",knee_l_duration_val,0.15384615384615385,0.9166666666666666,2.520833333333333
"knee_l_duration_val, knee_r_exam_tenderness_knee, knee_present, knee_r_exam_creps_right, knee_l_exam_creps_left","medication_ongoing, knee_r_duration_val",0.13286713286713286,0.8636363636363635,2.520408163265306
"knee_l_duration_val, knee_l_exam_tenderness_knee","knee_r_duration_val, knee_present",0.1958041958041958,0.9333333333333333,2.5182389937106917
"medication_ongoing, knee_r_duration_val, sex_female, knee_present",knee_l_duration_val,0.22377622377622378,0.9142857142857143,2.5142857142857142
"lumbar_exam_tenderness, gas","tongue_sama, lumbar_present",0.18181818181818182,0.8965517241379312,2.5138607167004734
"knee_r_exam_tenderness_knee, sex_female, knee_l_exam_tenderness_knee","knee_l_duration_val, knee_r_duration_val, knee_present",0.13286713286713286,0.8260869565217391,2.513413506012951
"medication_ongoing, knee_present, knee_r_exam_creps_right, tongue_sama, knee_r_duration_val",knee_l_duration_val,0.14685314685314685,0.9130434782608696,2.5108695652173916
"knee_r_exam_tenderness_knee, knee_r_duration_val, urine_normal, knee_l_exam_tenderness_knee","knee_l_duration_val, medication_ongoing, knee_present",0.11188811188811189,0.8421052631578948,2.5087719298245617
"medication_ongoing, stool_unsatisfactory, gas, lumbar_exam_tenderness",acidity,0.11188811188811189,1.0,2.5087719298245617
"lumbar_exam_tenderness, urine_normal, acidity","tongue_sama, lumbar_present",0.11888111888111888,0.8947368421052632,2.508771929824561
"knee_l_exam_creps_left, knee_l_duration_val, medication_ongoing","knee_r_duration_val, knee_present",0.18181818181818182,0.9285714285714286,2.505390835579515
"knee_r_exam_creps_right, knee_l_exam_tenderness_knee, knee_r_duration_val, knee_present","knee_l_duration_val, medication_ongoing",0.14685314685314685,0.84,2.5025
"knee_l_duration_val, knee_present, stool_satisfactory","medication_ongoing, knee_r_duration_val",0.16783216783216784,0.8571428571428572,2.501457725947522
"knee_present, knee_l_exam_rom, knee_r_exam_rom",knee_l_duration_val,0.13986013986013987,0.9090909090909091,2.5
"knee_r_exam_creps_right, sex_female","knee_l_duration_val, knee_r_duration_val, knee_present",0.16083916083916083,0.8214285714285714,2.4992401215805473
"medication_ongoing, lumbar_exam_tenderness, gas","tongue_sama, lumbar_present",0.16783216783216784,0.888888888888889,2.4923747276688455
"lumbar_duration_val, nidra_disturbed","tongue_sama, lumbar_present",0.11188811188811189,0.8888888888888888,2.492374727668845
"medication_ongoing, knee_r_duration_val, urine_normal","knee_l_duration_val, knee_present",0.20279720279720279,0.90625,2.4921875
"knee_l_duration_val, comorb_other","knee_r_duration_val, knee_present",0.16783216783216784,0.9230769230769231,2.4905660377358494
"tongue_sama, knee_l_duration_val",knee_r_duration_val,0.2517482517482518,0.9230769230769232,2.4905660377358494
"medication_ongoing, knee_l_exam_rom, knee_l_exam_tenderness_knee","knee_l_duration_val, knee_r_duration_val, knee_present",0.1258741258741259,0.8181818181818182,2.4893617021276597
"tongue_sama, medication_ongoing, knee_r_morning_stiffness",knee_l_duration_val,0.13286713286713286,0.9047619047619048,2.488095238095238
"tongue_sama, knee_l_duration_val, sex_female","medication_ongoing, knee_r_duration_val",0.16083916083916083,0.8518518518518519,2.486016628873772
"knee_r_exam_creps_right, knee_r_duration_val, knee_present, urine_normal","knee_l_duration_val, medication_ongoing",0.13986013986013987,0.8333333333333334,2.482638888888889
"knee_r_exam_creps_right, tongue_sama, knee_r_duration_val, knee_l_exam_creps_left, urine_normal","knee_l_duration_val, medication_ongoing, knee_present",0.1048951048951049,0.8333333333333333,2.4826388888888884
"tongue_sama, knee_l_duration_val, medication_ongoing, sex_female","knee_r_duration_val, knee_present",0.16083916083916083,0.92,2.4822641509433963
"knee_l_duration_val, knee_r_exam_tenderness_knee, knee_present, knee_r_exam_creps_right, knee_l_exam_tenderness_knee","medication_ongoing, knee_r_duration_val",0.11888111888111888,0.85,2.480612244897959
"knee_r_exam_creps_right, knee_l_exam_creps_left, sex_female, knee_present","knee_l_duration_val, knee_r_duration_val",0.15384615384615385,0.8148148148148149,2.4791174152876283
"knee_r_exam_creps_right, medication_ongoing, sex_female, knee_l_exam_tenderness_knee",knee_l_duration_val,0.1258741258741259,0.9,2.475
"knee_l_exam_tenderness_knee, lumbar_exam_tenderness, knee_present","tongue_sama, lumbar_present",0.1048951048951049,0.8823529411764706,2.4740484429065743
"knee_l_duration_val, sex_female, knee_present, knee_l_exam_tenderness_knee",knee_r_duration_val,0.15384615384615385,0.9166666666666666,2.4732704402515724
"knee_r_duration_val, knee_present","knee_l_duration_val, medication_ongoing",0.3076923076923077,0.8301886792452831,2.4732704402515724
"knee_l_duration_val, surgery_other","medication_ongoing, knee_r_duration_val",0.15384615384615385,0.8461538461538461,2.4693877551020407
"medication_ongoing, knee_r_duration_val","knee_l_duration_val, knee_present",0.3076923076923077,0.8979591836734694,2.4693877551020407
"knee_l_duration_val, urine_normal, stool_satisfactory",knee_r_duration_val,0.14685314685314685,0.9130434782608696,2.4634946677604597
"knee_r_exam_tenderness_knee, medication_ongoing, knee_present, knee_r_exam_creps_right, knee_l_exam_creps_left, knee_l_exam_tenderness_knee","knee_l_duration_val, knee_r_duration_val",0.11888111888111888,0.8095238095238095,2.463019250253293
"knee_r_duration_val, urine_normal, stool_satisfactory","knee_l_duration_val, medication_ongoing",0.13286713286713286,0.8260869565217391,2.461050724637681
"knee_l_exam_creps_left, knee_r_duration_val, knee_present, knee_r_exam_rom",knee_l_duration_val,0.11888111888111888,0.8947368421052632,2.4605263157894735
"tongue_sama, stool_unsatisfactory, knee_l_duration_val","medication_ongoing, knee_r_duration_val",0.11188811188811189,0.8421052631578948,2.457572502685285
"knee_present, knee_r_exam_rom","knee_l_duration_val, knee_r_duration_val",0.14685314685314685,0.8076923076923076,2.457446808510638
"knee_l_exam_creps_left, knee_l_duration_val, medication_ongoing, sex_female","knee_r_duration_val, knee_present",0.13986013986013987,0.9090909090909091,2.452830188679245
"tongue_sama, knee_l_duration_val, knee_present, knee_l_exam_creps_left","medication_ongoing, knee_r_duration_val",0.14685314685314685,0.84,2.4514285714285715
"knee_l_exam_creps_left, knee_l_duration_val",knee_r_duration_val,0.20279720279720279,0.90625,2.4451650943396226
"knee_r_duration_val, knee_present, comorb_other",knee_l_duration_val,0.16783216783216784,0.888888888888889,2.4444444444444446
"knee_r_duration_val, knee_present, urine_normal",knee_l_duration_val,0.22377622377622378,0.8888888888888888,2.444444444444444
"knee_l_exam_creps_left, knee_l_duration_val, medication_ongoing, urine_normal","knee_r_duration_val, knee_present",0.13286713286713286,0.9047619047619048,2.44115004492363
knee_l_duration_val,"knee_r_duration_val, knee_present",0.32867132867132864,0.9038461538461537,2.438679245283019
knee_r_duration_val,"knee_l_duration_val, knee_present",0.32867132867132864,0.8867924528301886,2.4386792452830184
"knee_l_exam_rom, knee_r_exam_rom","knee_l_duration_val, medication_ongoing, knee_present",0.1258741258741259,0.8181818181818182,2.4375
"knee_r_exam_creps_right, knee_r_duration_val","knee_l_duration_val, medication_ongoing, knee_present",0.1888111888111888,0.8181818181818181,2.4374999999999996
"tongue_sama, knee_l_exam_creps_left, knee_r_duration_val",knee_l_duration_val,0.16083916083916083,0.8846153846153846,2.4326923076923075
"knee_r_exam_creps_right, knee_l_exam_tenderness_knee, knee_l_exam_rom","medication_ongoing, knee_r_duration_val, knee_present",0.1048951048951049,0.8333333333333333,2.431972789115646
"knee_l_duration_val, sex_female, knee_present, knee_l_exam_tenderness_knee","medication_ongoing, knee_r_duration_val",0.13986013986013987,0.8333333333333334,2.431972789115646
"knee_r_exam_creps_right, knee_l_exam_tenderness_knee, urine_normal",knee_r_duration_val,0.1258741258741259,0.9,2.428301886792453
"knee_l_morning_stiffness, knee_r_morning_stiffness","knee_l_duration_val, medication_ongoing",0.15384615384615385,0.8148148148148149,2.427469135802469
"medication_ongoing, lumbar_duration_val, stool_satisfactory","lumbar_present, urine_normal",0.1048951048951049,0.8823529411764706,2.426470588235294
"knee_l_exam_creps_left, knee_r_duration_val","medication_ongoing, knee_l_duration_val",0.18181818181818182,0.8125,2.4205729166666665
"medication_ongoing, knee_l_morning_stiffness, knee_r_morning_stiffness","knee_l_duration_val, knee_present",0.15384615384615385,0.8800000000000001,2.4200000000000004
"knee_r_exam_creps_right, knee_r_diag_oa_knee","knee_r_duration_val, knee_present",0.11888111888111888,0.8947368421052632,2.414101290963257
"knee_l_exam_creps_left, knee_r_exam_tenderness_knee, knee_r_duration_val, knee_l_exam_tenderness_knee","knee_l_duration_val, medication_ongoing, knee_present",0.11888111888111888,0.8095238095238095,2.4117063492063493
"tongue_sama, knee_l_duration_val, knee_present, knee_l_exam_tenderness_knee","medication_ongoing, knee_r_duration_val",0.13286713286713286,0.8260869565217391,2.4108251996450756
"knee_present, knee_l_exam_rom",knee_l_duration_val,0.1958041958041958,0.875,2.40625
"knee_present, knee_r_exam_creps_right, knee_l_exam_creps_left, knee_r_duration_val, tongue_sama","knee_l_duration_val, medication_ongoing",0.14685314685314685,0.8076923076923076,2.4062499999999996
"medication_ongoing, knee_present, knee_r_duration_val, sex_female, urine_normal",knee_l_duration_val,0.14685314685314685,0.8749999999999999,2.4062499999999996
"gas, lumbar_diag_lumbar_spondylosis","tongue_sama, lumbar_present",0.1258741258741259,0.8571428571428572,2.403361344537815
"knee_r_duration_val, urine_normal","knee_l_duration_val, medication_ongoing",0.20279720279720279,0.8055555555555555,2.399884259259259
"urine_normal, knee_l_duration_val, knee_l_morning_stiffness, knee_present",knee_r_duration_val,0.11188811188811189,0.8888888888888888,2.39832285115304
"tongue_sama, knee_l_duration_val, urine_normal","knee_r_duration_val, knee_present",0.16783216783216784,0.888888888888889,2.39832285115304
"appetite_normal, medication_ongoing, knee_r_duration_val, knee_present",knee_l_duration_val,0.1888111888111888,0.8709677419354839,2.3951612903225805
"knee_l_duration_val, sex_female","medication_ongoing, knee_r_duration_val, knee_present",0.22377622377622378,0.8205128205128206,2.394557823129252
"knee_l_morning_stiffness, knee_l_exam_rom","medication_ongoing, sex_female, knee_present",0.1048951048951049,0.9375,2.3939732142857144
"knee_r_exam_creps_right, knee_l_exam_tenderness_knee, sex_female","knee_l_duration_val, knee_present",0.13986013986013987,0.8695652173913044,2.391304347826087
knee_l_morning_stiffness_duration,"medication_ongoing, knee_r_duration_val, knee_present",0.1258741258741259,0.8181818181818182,2.3877551020408165
"appetite_normal, knee_l_duration_val","medication_ongoing, knee_r_duration_val, knee_present",0.1888111888111888,0.8181818181818181,2.387755102040816
"knee_l_duration_val, surgery_other","knee_r_duration_val, knee_present",0.16083916083916083,0.8846153846153846,2.3867924528301887
"gas, lumbar_duration_val, lumbar_diag_lumbar_spondylosis","medication_ongoing, lumbar_present",0.11188811188811189,1.0,2.3833333333333333
"knee_r_exam_tenderness_knee, knee_r_duration_val, knee_present",knee_l_duration_val,0.18181818181818182,0.8666666666666667,2.3833333333333333
"lumbar_exam_tenderness, urine_normal, stool_satisfactory","tongue_sama, lumbar_present",0.11888111888111888,0.85,2.3833333333333333
"knee_r_exam_creps_right, knee_l_exam_creps_left, knee_r_diag_oa_knee, knee_l_diag_oa_knee",knee_r_duration_val,0.1048951048951049,0.8823529411764706,2.3806881243063263
knee_r_morning_stiffness,"medication_ongoing, knee_r_duration_val, knee_present",0.15384615384615385,0.8148148148148149,2.377928949357521
"medication_ongoing, knee_l_morning_stiffness, knee_l_morning_stiffness_duration","knee_l_duration_val, knee_present",0.13286713286713286,0.8636363636363635,2.3749999999999996
"knee_l_exam_creps_left, knee_l_duration_val, sex_female","knee_r_duration_val, knee_present",0.15384615384615385,0.8800000000000001,2.37433962264151
"knee_l_exam_creps_left, knee_l_duration_val","medication_ongoing, knee_r_duration_val, knee_present",0.18181818181818182,0.8125,2.371173469387755
"knee_l_duration_val, medication_ongoing, urine_normal",knee_r_duration_val,0.20279720279720279,0.8787878787878787,2.371069182389937
"medication_ongoing, knee_l_exam_rom",knee_l_duration_val,0.17482517482517482,0.8620689655172414,2.3706896551724137
"tongue_sama, stool_unsatisfactory, lumbar_exam_tenderness, lumbar_present",acidity,0.11888111888111888,0.9444444444444443,2.3693957115009745
"knee_r_exam_creps_right, knee_l_exam_creps_left, knee_r_exam_rom","medication_ongoing, knee_r_duration_val, knee_present",0.11888111888111888,0.8095238095238095,2.362487852283771
"tongue_sama, knee_l_exam_rom",knee_l_duration_val,0.1258741258741259,0.8571428571428572,2.357142857142857
"knee_l_exam_creps_left, knee_l_duration_val, knee_present, knee_l_exam_tenderness_knee","medication_ongoing, knee_r_duration_val",0.14685314685314685,0.8076923076923076,2.3571428571428568
"nidra_sound, knee_l_duration_val, knee_r_duration_val, knee_present","medication_ongoing, stool_satisfactory",0.11188811188811189,0.8888888888888888,2.353909465020576
"knee_l_duration_val, sex_female, knee_present",knee_r_duration_val,0.23776223776223776,0.8717948717948718,2.352201257861635
"tongue_sama, stool_unsatisfactory, lumbar_exam_tenderness, medication_ongoing",acidity,0.1048951048951049,0.9375,2.3519736842105265
"appetite_normal, medication_ongoing, knee_l_duration_val",knee_r_duration_val,0.1888111888111888,0.8709677419354839,2.3499695678636643
"tongue_sama, knee_l_morning_stiffness, knee_present, knee_r_morning_stiffness",knee_r_duration_val,0.13986013986013987,0.8695652173913044,2.3461853978671043
knee_r_morning_stiffness,knee_l_duration_val,0.16083916083916083,0.8518518518518519,2.3425925925925926
"medication_ongoing, knee_r_morning_stiffness_duration, knee_l_morning_stiffness, knee_r_morning_stiffness",knee_l_duration_val,0.11888111888111888,0.85,2.3375
"nidra_sound, appetite_normal, knee_r_duration_val, knee_present","medication_ongoing, stool_satisfactory",0.1048951048951049,0.8823529411764706,2.3366013071895426
"lumbar_exam_tenderness, urine_normal","tongue_sama, lumbar_present",0.2097902097902098,0.8333333333333333,2.336601307189542
"stool_unsatisfactory, knee_l_duration_val","tongue_sama, medication_ongoing, knee_present",0.1258741258741259,0.9473684210526316,2.3357531760435575
"knee_l_duration_val, urine_normal","knee_r_duration_val, knee_present",0.22377622377622378,0.8648648648648648,2.33350331463539
"appetite_normal, knee_r_duration_val, knee_present",knee_l_duration_val,0.1958041958041958,0.8484848484848484,2.333333333333333
"knee_r_exam_creps_right, knee_r_exam_tenderness_knee, medication_ongoing, tongue_sama",knee_r_duration_val,0.13286713286713286,0.8636363636363635,2.330188679245283
knee_r_exam_swelling_non_pitting,"tongue_sama, medication_ongoing, knee_present",0.11888111888111888,0.9444444444444443,2.328544061302682
"medication_ongoing, knee_present, knee_r_exam_creps_right, knee_l_exam_creps_left, knee_l_exam_tenderness_knee",knee_l_duration_val,0.15384615384615385,0.8461538461538461,2.3269230769230766
"knee_r_exam_creps_right, knee_l_duration_val, knee_r_duration_val, gas","tongue_sama, medication_ongoing, knee_present",0.11188811188811189,0.9411764705882353,2.320486815415822
"lumbar_exam_tenderness, sex_female, urine_normal","tongue_sama, lumbar_present",0.13286713286713286,0.8260869565217391,2.3162830349531114
"surgery_other, knee_r_duration_val, comorb_other","knee_l_duration_val, knee_present",0.11188811188811189,0.8421052631578948,2.3157894736842106
"medication_ongoing, knee_present, knee_r_exam_creps_right, tongue_sama, knee_l_exam_creps_left, knee_l_exam_tenderness_knee",knee_r_duration_val,0.1258741258741259,0.8571428571428572,2.31266846361186
"knee_r_exam_tenderness_knee, knee_l_exam_swelling_non_pitting","tongue_sama, medication_ongoing, knee_present",0.1048951048951049,0.9375,2.3114224137931036
"knee_l_exam_creps_left, knee_present, knee_l_exam_rom",knee_l_duration_val,0.14685314685314685,0.84,2.31
lumbar_exam_tenderness,"tongue_sama, lumbar_present",0.25874125874125875,0.8222222222222223,2.305446623093682
"lumbar_exam_tenderness, sex_female","tongue_sama, lumbar_present",0.16083916083916083,0.8214285714285714,2.303221288515406
"knee_r_exam_tenderness_knee, knee_present, urine_normal",knee_r_duration_val,0.16083916083916083,0.8518518518518519,2.2983927323549964
"medication_ongoing, lumbar_exam_tenderness, sex_female, urine_normal","tongue_sama, lumbar_present",0.1258741258741259,0.8181818181818182,2.2941176470588234
"knee_r_exam_creps_right, knee_l_exam_creps_left, sex_female, urine_normal",knee_r_duration_val,0.11888111888111888,0.85,2.293396226415094
"appetite_normal, knee_l_morning_stiffness","knee_l_duration_val, knee_present",0.1048951048951049,0.8333333333333333,2.2916666666666665
"knee_r_exam_creps_right, knee_l_exam_tenderness_knee, tongue_sama",knee_l_duration_val,0.13986013986013987,0.8333333333333334,2.2916666666666665
"stool_unsatisfactory, gas, urine_normal",acidity,0.14685314685314685,0.9130434782608696,2.290617848970252
"appetite_normal, knee_present, knee_l_duration_val",knee_r_duration_val,0.1958041958041958,0.8484848484848484,2.289308176100629
"tongue_sama, knee_l_exam_creps_left, knee_r_exam_tenderness_knee",knee_r_duration_val,0.15384615384615385,0.8461538461538461,2.2830188679245285
"tongue_sama, stool_unsatisfactory, gas, urine_normal",acidity,0.13986013986013987,0.9090909090909091,2.280701754385965
"gas, lumbar_duration_val","medication_ongoing, lumbar_present",0.15384615384615385,0.9565217391304349,2.2797101449275368
"sex_female, lumbar_duration_val","medication_ongoing, lumbar_present",0.14685314685314685,0.9545454545454545,2.275
"knee_r_exam_creps_right, tongue_sama, sex_female",knee_r_duration_val,0.11188811188811189,0.8421052631578948,2.272095332671301
"knee_l_exam_tenderness_knee, sex_female, urine_normal","knee_l_duration_val, knee_present",0.13286713286713286,0.8260869565217391,2.2717391304347827
"tongue_sama, stool_unsatisfactory, knee_l_morning_stiffness, knee_l_duration_val","sex_female, knee_present",0.1048951048951049,1.0,2.2698412698412698
"medication_ongoing, knee_present, nidra_disturbed, comorb_other",surgery_other,0.11188811188811189,0.8888888888888888,2.2698412698412698
"nidra_sound, knee_l_duration_val","appetite_normal, knee_present",0.13286713286713286,0.9047619047619048,2.2698412698412698
"lumbar_duration_val, lumbar_diag_lumbar_spondylosis","medication_ongoing, lumbar_present",0.13986013986013987,0.9523809523809524,2.2698412698412698
"appetite_normal, lumbar_exam_tenderness, urine_normal","tongue_sama, lumbar_present",0.11888111888111888,0.8095238095238095,2.2698412698412698
"knee_r_exam_creps_right, knee_r_exam_tenderness_knee, knee_present, knee_l_exam_tenderness_knee",knee_r_duration_val,0.14685314685314685,0.84,2.2664150943396226
"medication_ongoing, lumbar_exam_tenderness, sex_female","tongue_sama, lumbar_present",0.14685314685314685,0.8076923076923076,2.2647058823529407
"lumbar_exam_tenderness, knee_present, urine_normal","medication_ongoing, lumbar_present",0.13286713286713286,0.95,2.2641666666666667
"medication_ongoing, lumbar_exam_tenderness, urine_normal","tongue_sama, lumbar_present",0.17482517482517482,0.8064516129032259,2.261227071473751
"knee_r_duration_val, surgery_other",knee_l_duration_val,0.16083916083916083,0.8214285714285714,2.258928571428571
"tongue_sama, lumbar_exam_tenderness, sex_female, urine_normal","medication_ongoing, lumbar_present",0.1258741258741259,0.9473684210526316,2.2578947368421054
"stool_unsatisfactory, lumbar_exam_tenderness, lumbar_present",acidity,0.1258741258741259,0.9,2.2578947368421054
"tongue_sama, stool_unsatisfactory, knee_l_morning_stiffness","medication_ongoing, sex_female, knee_present",0.1048951048951049,0.8823529411764706,2.2531512605042017
"knee_l_duration_val, knee_r_duration_val, gas","tongue_sama, medication_ongoing, knee_present",0.14685314685314685,0.9130434782608696,2.25112443778111
"knee_present, lumbar_duration_val","medication_ongoing, lumbar_present",0.11888111888111888,0.9444444444444443,2.2509259259259258
"nidra_sound, knee_r_duration_val, knee_present","medication_ongoing, stool_satisfactory",0.11888111888111888,0.85,2.2509259259259258
"knee_r_duration_val, surgery_other, surgery_other_duration_days",knee_l_duration_val,0.1258741258741259,0.8181818181818182,2.25
"knee_r_exam_creps_right, tongue_sama, knee_l_exam_tenderness_knee, knee_l_exam_creps_left",knee_r_duration_val,0.13986013986013987,0.8333333333333334,2.248427672955975
"tongue_sama, knee_r_diag_oa_knee, knee_present, knee_l_diag_oa_knee",knee_r_duration_val,0.1048951048951049,0.8333333333333333,2.2484276729559745
"medication_ongoing, surgery_other, sex_female, stool_satisfactory","appetite_normal, knee_present",0.11888111888111888,0.8947368421052632,2.244690674053555
"surgery_other, knee_present, lumbar_exam_tenderness","medication_ongoing, lumbar_present",0.11188811188811189,0.9411764705882353,2.243137254901961
"tongue_sama, knee_l_morning_stiffness","knee_l_duration_val, knee_present",0.15384615384615385,0.8148148148148149,2.240740740740741
"tongue_sama, sex_female, lumbar_diag_lumbar_spondylosis","medication_ongoing, lumbar_present",0.1048951048951049,0.9375,2.234375
knee_l_morning_stiffness,"knee_l_duration_val, knee_present",0.18181818181818182,0.8125,2.234375
"nidra_sound, knee_l_duration_val, knee_r_duration_val","appetite_normal, knee_present",0.11188811188811189,0.8888888888888888,2.230019493177388
"tongue_sama, lumbar_exam_tenderness","lumbar_present, urine_normal",0.2097902097902098,0.8108108108108107,2.2297297297297294
"knee_r_exam_creps_right, knee_l_exam_creps_left, sex_female, knee_l_exam_tenderness_knee",knee_r_duration_val,0.13286713286713286,0.8260869565217391,2.228876127973749
"tongue_sama, knee_r_exam_tenderness_knee, knee_l_exam_tenderness_knee, knee_l_exam_creps_left",knee_l_duration_val,0.11888111888111888,0.8095238095238095,2.2261904761904763
"knee_r_exam_creps_right, medication_ongoing, knee_present, urine_normal",knee_l_duration_val,0.14685314685314685,0.8076923076923076,2.221153846153846
"lumbar_exam_tenderness, gas","medication_ongoing, lumbar_present",0.1888111888111888,0.9310344827586207,2.2189655172413794
"knee_l_exam_creps_left, sex_female",knee_l_duration_val,0.17482517482517482,0.8064516129032259,2.217741935483871
"knee_r_exam_creps_right, medication_ongoing, tongue_sama",knee_r_duration_val,0.16083916083916083,0.8214285714285714,2.216307277628032
"stool_unsatisfactory, medication_ongoing, tongue_sama, gas, urine_normal",acidity,0.1048951048951049,0.8823529411764706,2.2136222910216716
"lumbar_exam_tenderness, sex_female","medication_ongoing, lumbar_present",0.18181818181818182,0.9285714285714286,2.2130952380952382
"medication_ongoing, knee_l_morning_stiffness, knee_l_morning_stiffness_duration","knee_r_duration_val, knee_present",0.1258741258741259,0.8181818181818182,2.207547169811321
"nidra_sound, appetite_normal, sex_female, knee_present","medication_ongoing, stool_satisfactory",0.1048951048951049,0.8333333333333333,2.20679012345679
"stool_unsatisfactory, medication_ongoing, acidity, nidra_disturbed","tongue_sama, gas",0.11188811188811189,0.9411764705882353,2.2063645130183223
knee_l_reason_natural,"tongue_sama, medication_ongoing, knee_present",0.11888111888111888,0.8947368421052632,2.205989110707804
"stool_unsatisfactory, medication_ongoing, sex_female, knee_l_duration_val","tongue_sama, knee_present",0.11188811188811189,1.0,2.2
"lumbar_exam_tenderness, knee_present","medication_ongoing, lumbar_present",0.16783216783216784,0.9230769230769231,2.2
"knee_r_exam_tenderness_knee, medication_ongoing, knee_present, knee_l_exam_tenderness_knee",knee_r_duration_val,0.15384615384615385,0.8148148148148149,2.1984626135569534
"stool_unsatisfactory, medication_ongoing, lumbar_present, lumbar_exam_tenderness, acidity","tongue_sama, gas",0.1048951048951049,0.9375,2.1977459016393444
"knee_r_exam_creps_right, tongue_sama, knee_present, knee_l_exam_creps_left",knee_r_duration_val,0.18181818181818182,0.8125,2.1922169811320753
"knee_r_exam_tenderness_knee, gas, knee_l_exam_tenderness_knee","tongue_sama, medication_ongoing, knee_present",0.11188811188811189,0.8888888888888888,2.1915708812260535
"lumbar_exam_tenderness, acidity","medication_ongoing, lumbar_present",0.15384615384615385,0.9166666666666666,2.1847222222222222
"sex_female, knee_r_morning_stiffness","knee_r_duration_val, knee_present",0.11888111888111888,0.8095238095238095,2.18418688230009
"tongue_sama, knee_r_exam_tenderness_knee, medication_ongoing, knee_present",knee_r_duration_val,0.14685314685314685,0.8076923076923076,2.1792452830188678
"tongue_sama, lumbar_exam_tenderness, sex_female","medication_ongoing, lumbar_present",0.14685314685314685,0.9130434782608696,2.1760869565217393
"knee_r_exam_tenderness_knee, knee_l_exam_tenderness_knee","knee_r_duration_val, knee_present",0.17482517482517482,0.8064516129032259,2.1758977480219115
"knee_r_exam_tenderness_knee, hypertension","tongue_sama, medication_ongoing, knee_present",0.1048951048951049,0.8823529411764706,2.1754563894523327
"knee_l_duration_val, knee_r_duration_val, knee_l_exam_rom, knee_r_exam_rom","medication_ongoing, sex_female, knee_present",0.11888111888111888,0.85,2.1705357142857142
"knee_l_duration_val, gas","tongue_sama, medication_ongoing, knee_present",0.15384615384615385,0.8800000000000001,2.1696551724137936
"tongue_sama, lumbar_exam_tenderness, acidity","medication_ongoing, lumbar_present",0.13986013986013987,0.9090909090909091,2.1666666666666665
"tongue_sama, lumbar_exam_tenderness, knee_present","medication_ongoing, lumbar_present",0.13286713286713286,0.9047619047619048,2.1563492063492062
"knee_r_exam_creps_right, knee_l_duration_val, knee_l_exam_rom","medication_ongoing, sex_female, knee_present",0.11188811188811189,0.8421052631578948,2.1503759398496243
"stool_unsatisfactory, lumbar_exam_tenderness","medication_ongoing, lumbar_present",0.1258741258741259,0.9,2.145
"nidra_sound, knee_l_duration_val","medication_ongoing, stool_satisfactory",0.11888111888111888,0.8095238095238095,2.1437389770723105
"knee_l_duration_val, medication_ongoing, knee_l_exam_rom, knee_r_exam_rom","sex_female, knee_present",0.11888111888111888,0.9444444444444443,2.14373897707231
"knee_r_exam_creps_right, knee_l_duration_val, medication_ongoing, knee_l_exam_rom","sex_female, knee_present",0.11188811188811189,0.9411764705882353,2.1363211951447245
"lumbar_present, comorb_other_duration_days","medication_ongoing, comorb_other",0.11188811188811189,1.0,2.1343283582089554
"knee_l_duration_val, stool_unsatisfactory","tongue_sama, sex_female",0.11888111888111888,0.8947368421052632,2.132456140350877
"nidra_sound, knee_r_duration_val","appetite_normal, knee_present",0.11888111888111888,0.85,2.132456140350877
"stool_unsatisfactory, urine_normal, acidity","tongue_sama, gas",0.13986013986013987,0.9090909090909091,2.1311475409836067
"knee_l_exam_tenderness_knee, gas","tongue_sama, medication_ongoing, knee_present",0.13286713286713286,0.8636363636363635,2.1293103448275863
"knee_l_duration_val, knee_r_exam_tenderness_knee, medication_ongoing, knee_r_duration_val, knee_l_exam_rom","sex_female, knee_present",0.1048951048951049,0.9375,2.1279761904761902
"tongue_sama, knee_l_duration_val, knee_l_exam_rom","medication_ongoing, sex_female, knee_present",0.1048951048951049,0.8333333333333333,2.1279761904761902
"stool_unsatisfactory, medication_ongoing, knee_l_duration_val","tongue_sama, sex_female",0.11188811188811189,0.8888888888888888,2.1185185185185182
knee_l_exam_swelling_non_pitting,"tongue_sama, medication_ongoing, knee_present",0.1258741258741259,0.8571428571428572,2.1133004926108376
"nidra_sound, medication_ongoing, knee_r_duration_val","appetite_normal, knee_present",0.11188811188811189,0.8421052631578948,2.112650046168052
"knee_l_duration_val, gas","tongue_sama, knee_present",0.16783216783216784,0.9600000000000001,2.112
"stool_unsatisfactory, acidity, nidra_disturbed","tongue_sama, gas",0.1258741258741259,0.9,2.1098360655737705
"knee_l_duration_val, knee_r_duration_val, knee_l_exam_rom","medication_ongoing, sex_female, knee_present",0.13286713286713286,0.8260869565217391,2.109472049689441
"knee_l_duration_val, knee_r_duration_val, gas","tongue_sama, knee_present",0.15384615384615385,0.9565217391304349,2.104347826086957
"knee_l_exam_tenderness_knee, lumbar_exam_tenderness, knee_present","medication_ongoing, lumbar_present",0.1048951048951049,0.8823529411764706,2.1029411764705883
"knee_l_exam_tenderness_knee, gas","tongue_sama, knee_present",0.14685314685314685,0.9545454545454545,2.1
"knee_l_duration_val, knee_l_exam_rom","medication_ongoing, sex_female, knee_present",0.16083916083916083,0.8214285714285714,2.097576530612245
"lumbar_exam_tenderness, urine_normal, acidity","medication_ongoing, gas",0.11888111888111888,0.8947368421052632,2.097497842968076
"knee_l_exam_creps_left, gas, knee_l_exam_tenderness_knee","tongue_sama, medication_ongoing, knee_present",0.11888111888111888,0.85,2.095689655172414
knee_l_exam_swelling_non_pitting,"tongue_sama, knee_present",0.13986013986013987,0.9523809523809524,2.0952380952380953
"stool_unsatisfactory, medication_ongoing, acidity","tongue_sama, gas",0.17482517482517482,0.8928571428571428,2.0930913348946136
"knee_l_duration_val, surgery_other, comorb_other","appetite_normal, knee_present",0.1048951048951049,0.8333333333333333,2.090643274853801
"knee_r_exam_creps_right, stool_unsatisfactory, knee_l_exam_creps_left","tongue_sama, knee_present",0.13286713286713286,0.95,2.09
knee_l_morning_stiffness_duration,"medication_ongoing, sex_female, knee_present",0.1258741258741259,0.8181818181818182,2.0892857142857144
"medication_ongoing, knee_l_duration_val, knee_l_exam_rom","sex_female, knee_present",0.16083916083916083,0.92,2.0882539682539685
lumbar_diag_lumbar_spondylosis,"medication_ongoing, lumbar_present",0.1958041958041958,0.875,2.0854166666666667
"urine_normal, lumbar_diag_lumbar_spondylosis","medication_ongoing, lumbar_present",0.14685314685314685,0.8749999999999999,2.0854166666666663
knee_l_reason_natural,"tongue_sama, knee_present",0.1258741258741259,0.9473684210526316,2.0842105263157897
"knee_l_exam_tenderness_knee, knee_present, acidity","tongue_sama, gas",0.11188811188811189,0.8888888888888888,2.083788706739526
"knee_l_exam_creps_left, medication_ongoing, gas, knee_l_exam_tenderness_knee","tongue_sama, knee_present",0.11888111888111888,0.9444444444444443,2.0777777777777775
"knee_l_duration_val, sex_female, gas","tongue_sama, medication_ongoing, knee_present",0.11188811188811189,0.8421052631578948,2.076225045372051
"sex_female, lumbar_diag_lumbar_spondylosis","medication_ongoing, lumbar_present",0.13986013986013987,0.8695652173913044,2.0724637681159424
"medication_ongoing, sex_female, surgery_other_duration_days","appetite_normal, knee_present",0.13286713286713286,0.8260869565217391,2.072463768115942
"medication_ongoing, knee_l_exam_swelling_non_pitting, knee_l_exam_tenderness_knee","tongue_sama, knee_present",0.11188811188811189,0.9411764705882353,2.070588235294118
lumbar_duration_val,"medication_ongoing, lumbar_present",0.23076923076923078,0.868421052631579,2.069736842105263
"tongue_sama, lumbar_exam_tenderness, urine_normal, acidity","medication_ongoing, gas",0.1048951048951049,0.8823529411764706,2.068466730954677
"knee_l_duration_val, knee_r_exam_rom","medication_ongoing, sex_female, knee_present",0.11888111888111888,0.8095238095238095,2.067176870748299
lumbar_exam_tenderness,"medication_ongoing, lumbar_present",0.2727272727272727,0.8666666666666666,2.065555555555555
"knee_r_exam_creps_right, medication_ongoing, gas, knee_l_exam_tenderness_knee","tongue_sama, knee_present",0.1048951048951049,0.9375,2.0625
comorb_other_duration_days,"medication_ongoing, comorb_other",0.1888111888111888,0.9642857142857142,2.058102345415778
"sex_female, knee_l_morning_stiffness, nidra_disturbed","tongue_sama, medication_ongoing, knee_present",0.1048951048951049,0.8333333333333333,2.0545977011494254
"knee_r_exam_creps_right, knee_l_exam_creps_left, gas","tongue_sama, medication_ongoing, knee_present",0.13986013986013987,0.8333333333333334,2.0545977011494254
"medication_ongoing, knee_r_duration_val, knee_l_duration_val, knee_l_exam_rom","sex_female, knee_present",0.13286713286713286,0.9047619047619048,2.053665910808768
"tongue_sama, stool_unsatisfactory, lumbar_present, gas",acidity,0.1258741258741259,0.8181818181818182,2.0526315789473686
"lumbar_exam_tenderness, urine_normal","medication_ongoing, lumbar_present",0.21678321678321677,0.8611111111111109,2.0523148148148143
"lumbar_exam_tenderness, acidity","medication_ongoing, gas",0.14685314685314685,0.8749999999999999,2.051229508196721
"stool_unsatisfactory, gas",acidity,0.21678321678321677,0.8157894736842105,2.0466297322253
"urine_normal, lumbar_duration_val","medication_ongoing, lumbar_present",0.16783216783216784,0.8571428571428572,2.042857142857143
"tongue_sama, lumbar_exam_tenderness, sex_female, gas",lumbar_present,0.1048951048951049,1.0,2.0428571428571427
"knee_l_duration_val, knee_r_duration_val, knee_l_exam_rom, knee_r_exam_rom","sex_female, knee_present",0.1258741258741259,0.9,2.0428571428571427
"knee_l_exam_creps_left, gas","tongue_sama, knee_present",0.17482517482517482,0.9259259259259259,2.037037037037037
"knee_r_duration_val, knee_l_morning_stiffness, knee_r_morning_stiffness","tongue_sama, medication_ongoing, knee_present",0.13286713286713286,0.8260869565217391,2.0367316341829085
"tongue_sama, stool_unsatisfactory, gas",acidity,0.2097902097902098,0.8108108108108107,2.034139402560455
"knee_l_exam_creps_left, medication_ongoing, urine_normal, knee_l_exam_tenderness_knee","sex_female, knee_present",0.11888111888111888,0.8947368421052632,2.0309106098579783
"surgery_other, medication_ongoing, knee_r_duration_val, surgery_other_duration_days","appetite_normal, knee_present",0.11888111888111888,0.8095238095238095,2.0309106098579783
"sex_female, comorb_other_duration_days","medication_ongoing, comorb_other",0.13286713286713286,0.95,2.0276119402985073
"knee_l_duration_val, knee_l_exam_rom","sex_female, knee_present",0.17482517482517482,0.8928571428571428,2.026643990929705
"medication_ongoing, knee_r_duration_val, comorb_other","appetite_normal, knee_present",0.14685314685314685,0.8076923076923076,2.026315789473684
"knee_l_morning_stiffness, knee_present, nidra_disturbed","tongue_sama, sex_female",0.11888111888111888,0.85,2.0258333333333334
"tongue_sama, lumbar_exam_tenderness, acidity","medication_ongoing, gas",0.13286713286713286,0.8636363636363635,2.024590163934426
"knee_r_exam_creps_right, gas","tongue_sama, knee_present",0.16083916083916083,0.92,2.024
"knee_present, comorb_other_duration_days","medication_ongoing, comorb_other",0.1258741258741259,0.9473684210526316,2.0219952867242736
"knee_l_exam_creps_left, knee_l_morning_stiffness","sex_female, knee_present",0.11188811188811189,0.8888888888888888,2.017636684303351
"knee_l_duration_val, knee_r_duration_val, hypertension","tongue_sama, medication_ongoing, knee_present",0.1258741258741259,0.8181818181818182,2.017241379310345
"knee_r_exam_creps_right, knee_l_exam_creps_left, gas","tongue_sama, knee_present",0.15384615384615385,0.9166666666666666,2.0166666666666666
"nidra_sound, knee_l_duration_val, knee_r_duration_val",stool_satisfactory,0.11888111888111888,0.9444444444444443,2.0157545605306795
"stool_unsatisfactory, lumbar_present, acidity","medication_ongoing, gas",0.1258741258741259,0.8571428571428572,2.009367681498829
"knee_l_exam_creps_left, gas","tongue_sama, medication_ongoing, knee_present",0.15384615384615385,0.8148148148148149,2.008939974457216
"knee_l_duration_val, medication_ongoing, knee_present, knee_r_duration_val, nidra_sound",stool_satisfactory,0.11188811188811189,0.9411764705882353,2.008779631255487
"knee_r_exam_rom, knee_r_exam_creps_right, knee_l_exam_creps_left, knee_r_duration_val, knee_l_exam_rom","sex_female, knee_present",0.1048951048951049,0.8823529411764706,2.0028011204481793
"lumbar_exam_tenderness, lumbar_duration_val","medication_ongoing, lumbar_present",0.14685314685314685,0.84,2.002
"knee_l_duration_val, knee_present, appetite_normal, knee_r_duration_val, nidra_sound",stool_satisfactory,0.1048951048951049,0.9375,2.0009328358208953
"knee_r_exam_creps_right, medication_ongoing, gas","tongue_sama, knee_present",0.13986013986013987,0.9090909090909091,2.0
"tongue_sama, lumbar_exam_tenderness","medication_ongoing, lumbar_present",0.21678321678321677,0.8378378378378377,1.9968468468468465
"knee_l_exam_creps_left, stool_unsatisfactory","tongue_sama, medication_ongoing, knee_present",0.11888111888111888,0.8095238095238095,1.9958949096880132
"tongue_sama, lumbar_present, urine_normal, acidity","medication_ongoing, gas",0.11888111888111888,0.85,1.9926229508196722
"knee_l_duration_val, knee_l_morning_stiffness","tongue_sama, medication_ongoing, knee_present",0.14685314685314685,0.8076923076923076,1.9913793103448274
"knee_r_exam_creps_right, knee_r_exam_tenderness_knee, knee_r_duration_val, medication_ongoing","tongue_sama, knee_present",0.13286713286713286,0.9047619047619048,1.9904761904761905
"appetite_normal, lumbar_duration_val","medication_ongoing, lumbar_present",0.13986013986013987,0.8333333333333334,1.9861111111111112
"tongue_sama, lumbar_exam_tenderness, urine_normal","medication_ongoing, lumbar_present",0.17482517482517482,0.8333333333333333,1.986111111111111
"surgery_other, knee_l_morning_stiffness","tongue_sama, knee_present",0.1258741258741259,0.9,1.9800000000000002
"lumbar_exam_tenderness, lumbar_present, urine_normal, acidity","tongue_sama, gas",0.11188811188811189,0.8421052631578948,1.9741156169111305
"urine_normal, knee_l_exam_rom","sex_female, knee_present",0.13986013986013987,0.8695652173913044,1.9737750172532782
lumbar_related_radiating,"medication_ongoing, lumbar_present",0.13286713286713286,0.8260869565217391,1.968840579710145
"knee_l_exam_tenderness_knee, nidra_disturbed","tongue_sama, knee_present",0.11888111888111888,0.8947368421052632,1.968421052631579
"medication_ongoing, knee_l_exam_rom, knee_l_exam_tenderness_knee","sex_female, knee_present",0.13286713286713286,0.8636363636363635,1.96031746031746
"medication_ongoing, knee_l_exam_rom","sex_female, knee_present",0.17482517482517482,0.8620689655172414,1.956759715380405
"knee_r_duration_val, gas","tongue_sama, knee_present",0.16783216783216784,0.888888888888889,1.9555555555555557
"knee_l_exam_creps_left, knee_l_morning_stiffness","tongue_sama, knee_present",0.11188811188811189,0.8888888888888888,1.9555555555555555
"lumbar_exam_tenderness, acidity","tongue_sama, gas",0.13986013986013987,0.8333333333333334,1.953551912568306
"stool_unsatisfactory, lumbar_present, medication_ongoing, lumbar_exam_tenderness","tongue_sama, gas",0.1048951048951049,0.8333333333333333,1.9535519125683058
"lumbar_exam_tenderness, stool_satisfactory","medication_ongoing, lumbar_present",0.1258741258741259,0.8181818181818182,1.9500000000000002
"medication_ongoing, lumbar_exam_tenderness, lumbar_present, acidity",gas,0.14685314685314685,0.9545454545454545,1.9499999999999997
"tongue_sama, knee_l_exam_rom","sex_female, knee_present",0.1258741258741259,0.8571428571428572,1.9455782312925172
"tongue_sama, stool_unsatisfactory, urine_normal, acidity",gas,0.13986013986013987,0.9523809523809524,1.945578231292517
"tongue_sama, lumbar_duration_val","medication_ongoing, lumbar_present",0.15384615384615385,0.8148148148148149,1.9419753086419755
"knee_l_duration_val, knee_r_exam_tenderness_knee, medication_ongoing, knee_r_exam_creps_right, knee_l_exam_creps_left, knee_l_exam_tenderness_knee","tongue_sama, knee_present",0.1048951048951049,0.8823529411764706,1.9411764705882353
"tongue_sama, medication_ongoing, lumbar_exam_tenderness, acidity",gas,0.13286713286713286,0.95,1.9407142857142856
"lumbar_present, urine_normal, acidity","medication_ongoing, gas",0.13286713286713286,0.8260869565217391,1.9365645046329294
"knee_l_exam_creps_left, knee_r_exam_tenderness_knee, medication_ongoing","tongue_sama, knee_present",0.15384615384615385,0.8800000000000001,1.9360000000000004
"lumbar_exam_tenderness, lumbar_present, urine_normal, acidity",gas,0.1258741258741259,0.9473684210526316,1.9353383458646616
"knee_l_exam_tenderness_knee, urine_normal","sex_female, knee_present",0.16083916083916083,0.8518518518518519,1.9335684891240446
"appetite_normal, lumbar_exam_tenderness, urine_normal","medication_ongoing, lumbar_present",0.11888111888111888,0.8095238095238095,1.9293650793650794
"knee_l_duration_val, knee_r_duration_val, knee_l_exam_rom, knee_l_exam_tenderness_knee","sex_female, knee_present",0.11888111888111888,0.85,1.9293650793650792
"medication_ongoing, sex_female, acidity, nidra_disturbed",gas,0.11888111888111888,0.9444444444444443,1.929365079365079
"medication_ongoing, stool_unsatisfactory, acidity, nidra_disturbed",gas,0.11188811188811189,0.9411764705882353,1.922689075630252
"nidra_sound, knee_r_duration_val",stool_satisfactory,0.1258741258741259,0.9,1.9208955223880597
"stool_unsatisfactory, sex_male, acidity",gas,0.1048951048951049,0.9375,1.9151785714285714
knee_l_exam_rom,"sex_female, knee_present",0.1888111888111888,0.84375,1.9151785714285714
"knee_l_duration_val, knee_r_duration_val, knee_r_morning_stiffness","tongue_sama, knee_present",0.13986013986013987,0.8695652173913044,1.9130434782608698
"knee_r_exam_creps_right, knee_r_diag_oa_knee","knee_present, urine_normal",0.11188811188811189,0.8421052631578948,1.9114452798663326
"tongue_sama, lumbar_present, acidity","medication_ongoing, gas",0.15384615384615385,0.8148148148148149,1.910139647844566
"nidra_sound, medication_ongoing, knee_r_duration_val, knee_present",stool_satisfactory,0.11888111888111888,0.8947368421052632,1.9096622152395915
"knee_r_exam_creps_right, knee_r_exam_tenderness_knee, knee_l_exam_creps_left","tongue_sama, knee_present",0.18181818181818182,0.8666666666666667,1.9066666666666667
"knee_l_exam_creps_left, knee_l_exam_rom","sex_female, knee_present",0.14685314685314685,0.84,1.9066666666666665
"lumbar_present, acidity","medication_ongoing, gas",0.18181818181818182,0.8125,1.9047131147540983
"knee_l_duration_val, medication_ongoing, knee_r_morning_stiffness","tongue_sama, knee_present",0.13286713286713286,0.8636363636363635,1.9
"tongue_sama, hypertension, acidity","medication_ongoing, gas",0.11888111888111888,0.8095238095238095,1.897736143637783
"medication_ongoing, stool_unsatisfactory, acidity",gas,0.18181818181818182,0.9285714285714286,1.896938775510204
"tongue_sama, stool_unsatisfactory, lumbar_present","medication_ongoing, gas",0.14685314685314685,0.8076923076923076,1.8934426229508194
"knee_r_duration_val, knee_l_exam_rom","sex_female, knee_present",0.13986013986013987,0.8333333333333334,1.8915343915343916
"knee_r_exam_creps_right, knee_l_exam_creps_left, knee_l_exam_rom, knee_l_exam_tenderness_knee","sex_female, knee_present",0.1048951048951049,0.8333333333333333,1.8915343915343914
"tongue_sama, stool_unsatisfactory, medication_ongoing, acidity",gas,0.17482517482517482,0.9259259259259259,1.8915343915343914
"sex_female, knee_r_morning_stiffness","tongue_sama, knee_present",0.1258741258741259,0.8571428571428572,1.885714285714286
"nidra_sound, appetite_normal, lumbar_present",stool_satisfactory,0.1048951048951049,0.8823529411764706,1.8832309043020192
"knee_l_duration_val, urine_normal, knee_l_exam_tenderness_knee","sex_female, knee_present",0.13286713286713286,0.8260869565217391,1.8750862663906143
knee_r_morning_stiffness,"tongue_sama, knee_present",0.16083916083916083,0.8518518518518519,1.8740740740740742
"lumbar_exam_tenderness, acidity",gas,0.15384615384615385,0.9166666666666666,1.8726190476190474
"knee_l_duration_val, sex_female, knee_l_morning_stiffness","tongue_sama, knee_present",0.11888111888111888,0.85,1.87
"tongue_sama, medication_ongoing, acidity, nidra_disturbed",gas,0.14685314685314685,0.9130434782608696,1.865217391304348
"knee_l_duration_val, stool_satisfactory","knee_present, urine_normal",0.16083916083916083,0.8214285714285714,1.8645124716553287
"stool_unsatisfactory, acidity",gas,0.21678321678321677,0.9117647058823529,1.8626050420168065
"sex_female, knee_l_morning_stiffness","tongue_sama, knee_present",0.15384615384615385,0.8461538461538461,1.8615384615384616
"knee_l_exam_creps_left, knee_l_duration_val, knee_r_exam_tenderness_knee","knee_present, urine_normal",0.1258741258741259,0.8181818181818182,1.8571428571428572
"tongue_sama, stool_unsatisfactory, acidity",gas,0.2097902097902098,0.9090909090909091,1.857142857142857
knee_l_morning_stiffness,"tongue_sama, knee_present",0.1888111888111888,0.84375,1.85625
"knee_r_exam_creps_right, knee_r_exam_tenderness_knee, knee_r_duration_val, urine_normal","tongue_sama, knee_present",0.11188811188811189,0.8421052631578948,1.8526315789473686
knee_r_diag_oa_knee,"knee_present, urine_normal",0.15384615384615385,0.8148148148148149,1.8495002939447385
"stool_unsatisfactory, lumbar_present, acidity",gas,0.13286713286713286,0.9047619047619048,1.8482993197278912
"knee_l_duration_val, medication_ongoing, knee_l_morning_stiffness","tongue_sama, knee_present",0.14685314685314685,0.84,1.848
knee_l_morning_stiffness,"sex_female, knee_present",0.18181818181818182,0.8125,1.8442460317460316
"knee_l_exam_creps_left, acidity",gas,0.1258741258741259,0.9,1.8385714285714285
"knee_r_exam_tenderness_knee, urine_normal, knee_l_exam_tenderness_knee","sex_female, knee_present",0.11888111888111888,0.8095238095238095,1.837490551776266
"surgery_other, knee_r_duration_val, comorb_other","medication_ongoing, knee_present",0.13286713286713286,1.0,1.8333333333333335
"knee_r_duration_val, knee_l_morning_stiffness","tongue_sama, knee_present",0.13986013986013987,0.8333333333333334,1.8333333333333335
"knee_l_duration_val, knee_r_duration_val, knee_r_diag_oa_knee, knee_l_diag_oa_knee","tongue_sama, knee_present",0.1048951048951049,0.8333333333333333,1.8333333333333333
"knee_l_duration_val, knee_r_exam_tenderness_knee","knee_present, urine_normal",0.14685314685314685,0.8076923076923076,1.833333333333333
"nidra_sound, knee_l_duration_val",stool_satisfactory,0.1258741258741259,0.8571428571428572,1.8294243070362475
"tongue_sama, medication_ongoing, hypertension, acidity",gas,0.11888111888111888,0.8947368421052632,1.8278195488721805
"knee_present, appetite_normal, surgery_other, comorb_other, urine_normal","medication_ongoing, sex_female",0.11188811188811189,0.9411764705882353,1.818759936406995
"medication_ongoing, knee_r_duration_val, knee_l_morning_stiffness","tongue_sama, knee_present",0.13286713286713286,0.8260869565217391,1.8173913043478263
"knee_l_exam_tenderness_knee, acidity",gas,0.11188811188811189,0.8888888888888888,1.8158730158730156
"nidra_sound, knee_l_duration_val, medication_ongoing, knee_present",stool_satisfactory,0.11888111888111888,0.85,1.8141791044776119
"appetite_normal, lumbar_present, knee_present, comorb_other","medication_ongoing, sex_female",0.1048951048951049,0.9375,1.8116554054054053
"knee_r_exam_creps_right, medication_ongoing, knee_r_duration_val, knee_l_exam_creps_left","tongue_sama, knee_present",0.16083916083916083,0.8214285714285714,1.8071428571428572
"medication_ongoing, acidity, nidra_disturbed",gas,0.16083916083916083,0.8846153846153846,1.807142857142857
"medication_ongoing, lumbar_present, acidity, nidra_disturbed",gas,0.1048951048951049,0.8823529411764706,1.8025210084033612
"knee_l_duration_val, medication_ongoing, knee_r_exam_creps_right, knee_l_exam_creps_left, knee_l_exam_tenderness_knee","tongue_sama, knee_present",0.1258741258741259,0.8181818181818182,1.8000000000000003
"knee_l_exam_creps_left, knee_l_exam_tenderness_knee","tongue_sama, knee_present",0.1888111888111888,0.8181818181818181,1.7999999999999998
"tongue_sama, medication_ongoing, sex_female, acidity",gas,0.15384615384615385,0.8800000000000001,1.7977142857142858
"appetite_normal, knee_l_duration_val, knee_present, nidra_sound",stool_satisfactory,0.11188811188811189,0.8421052631578948,1.7973291437549097
"knee_r_exam_creps_right, knee_l_duration_val, medication_ongoing, knee_l_exam_creps_left","tongue_sama, knee_present",0.15384615384615385,0.8148148148148149,1.7925925925925927
"nidra_sound, appetite_normal",stool_satisfactory,0.21678321678321677,0.8378378378378377,1.788221056877773
"knee_r_exam_tenderness_knee, medication_ongoing","tongue_sama, knee_present",0.18181818181818182,0.8125,1.7875
"tongue_sama, stool_unsatisfactory, lumbar_present, medication_ongoing",gas,0.14685314685314685,0.8749999999999999,1.7874999999999996
"sex_female, knee_present, stool_satisfactory, comorb_other","appetite_normal, medication_ongoing",0.1258741258741259,0.9473684210526316,1.7825484764542938
"knee_l_duration_val, medication_ongoing, knee_r_exam_creps_right, knee_r_duration_val, knee_l_exam_tenderness_knee","tongue_sama, knee_present",0.11888111888111888,0.8095238095238095,1.780952380952381
"nidra_sound, knee_l_duration_val, urine_normal",stool_satisfactory,0.1048951048951049,0.8333333333333333,1.7786069651741292
"knee_l_duration_val, knee_r_exam_tenderness_knee","tongue_sama, knee_present",0.14685314685314685,0.8076923076923076,1.7769230769230768
"lumbar_present, urine_normal, acidity",gas,0.13986013986013987,0.8695652173913044,1.7763975155279503
"knee_r_exam_tenderness_knee, knee_l_exam_tenderness_knee","tongue_sama, knee_present",0.17482517482517482,0.8064516129032259,1.774193548387097
"medication_ongoing, lumbar_present, acidity",gas,0.18181818181818182,0.8666666666666667,1.7704761904761905
"knee_r_duration_val, surgery_other","medication_ongoing, knee_present",0.1888111888111888,0.9642857142857142,1.7678571428571428
"knee_r_duration_val, comorb_other","medication_ongoing, knee_present",0.18181818181818182,0.962962962962963,1.7654320987654324
"appetite_normal, surgery_other, knee_present, urine_normal","medication_ongoing, sex_female",0.14685314685314685,0.9130434782608696,1.764394829612221
"medication_ongoing, lumbar_present, urine_normal, acidity",gas,0.13286713286713286,0.8636363636363635,1.764285714285714
"nidra_sound, sex_female, knee_present, stool_satisfactory","appetite_normal, medication_ongoing",0.1048951048951049,0.9375,1.7639802631578947
"knee_l_duration_val, surgery_other","medication_ongoing, knee_present",0.17482517482517482,0.9615384615384615,1.7628205128205128
"tongue_sama, acidity, nidra_disturbed",gas,0.17482517482517482,0.8620689655172414,1.7610837438423645
"nidra_sound, appetite_normal, medication_ongoing",stool_satisfactory,0.1958041958041958,0.823529411764706,1.7576821773485514
"appetite_normal, knee_l_duration_val, sex_female","medication_ongoing, knee_present",0.16083916083916083,0.9583333333333333,1.7569444444444444
"knee_l_duration_val, knee_r_duration_val, gas","medication_ongoing, knee_present",0.15384615384615385,0.9565217391304349,1.7536231884057976
"tongue_sama, hypertension, acidity",gas,0.1258741258741259,0.8571428571428572,1.7510204081632654
"tongue_sama, knee_l_duration_val, knee_l_morning_stiffness","medication_ongoing, knee_present",0.14685314685314685,0.9545454545454545,1.75
"tongue_sama, appetite_normal, surgery_other, knee_present","medication_ongoing, comorb_other",0.1258741258741259,0.8181818181818182,1.746268656716418
"urine_normal, knee_l_diag_oa_knee","medication_ongoing, knee_present",0.13986013986013987,0.9523809523809524,1.7460317460317463
"knee_l_duration_val, surgery_other_duration_days","medication_ongoing, knee_present",0.13286713286713286,0.95,1.7416666666666667
"tongue_sama, lumbar_present, acidity",gas,0.16083916083916083,0.8518518518518519,1.74021164021164
"appetite_normal, knee_l_duration_val, nidra_sound","medication_ongoing, knee_present",0.1258741258741259,0.9473684210526316,1.7368421052631582
"stool_unsatisfactory, lumbar_exam_tenderness",gas,0.11888111888111888,0.85,1.7364285714285712
"knee_r_duration_val, sex_female","medication_ongoing, knee_present",0.24475524475524477,0.9459459459459459,1.7342342342342343
"nidra_sound, appetite_normal, urine_normal",stool_satisfactory,0.18181818181818182,0.8125,1.734141791044776
"nidra_sound, knee_r_duration_val, stool_satisfactory","medication_ongoing, knee_present",0.11888111888111888,0.9444444444444443,1.7314814814814814
"appetite_normal, surgery_other, knee_present, stool_satisfactory","medication_ongoing, sex_female",0.11888111888111888,0.8947368421052632,1.729018492176387
"tongue_sama, stool_unsatisfactory, lumbar_present",gas,0.15384615384615385,0.8461538461538461,1.7285714285714284
"appetite_normal, surgery_other, nidra_disturbed","medication_ongoing, comorb_other",0.11888111888111888,0.8095238095238095,1.7277896233120114
"appetite_normal, sex_female, knee_l_exam_tenderness_knee","medication_ongoing, knee_present",0.11188811188811189,0.9411764705882353,1.7254901960784315
"acidity, nidra_disturbed",gas,0.1888111888111888,0.84375,1.723660714285714
"appetite_normal, knee_r_duration_val","medication_ongoing, knee_present",0.21678321678321677,0.9393939393939393,1.7222222222222223
"lumbar_present, sex_female, acidity",gas,0.11188811188811189,0.8421052631578948,1.7203007518796993
"knee_r_exam_swelling_non_pitting, knee_r_exam_tenderness_knee","medication_ongoing, knee_present",0.1048951048951049,0.9375,1.7187500000000002
"knee_present, stool_satisfactory, comorb_other","appetite_normal, medication_ongoing",0.14685314685314685,0.9130434782608696,1.717963386727689
"knee_l_duration_val, knee_r_duration_val","medication_ongoing, knee_present",0.3076923076923077,0.9361702127659576,1.716312056737589
"medication_ongoing, sex_female, acidity",gas,0.18181818181818182,0.8387096774193549,1.713364055299539
"tongue_sama, acidity",gas,0.2867132867132867,0.8367346938775511,1.70932944606414
"appetite_normal, surgery_other, lumbar_present, knee_present","medication_ongoing, sex_female",0.1048951048951049,0.8823529411764706,1.705087440381558
"knee_r_duration_val, stool_satisfactory","medication_ongoing, knee_present",0.18181818181818182,0.9285714285714286,1.7023809523809526
"hypertension, acidity",gas,0.13986013986013987,0.8333333333333334,1.7023809523809523
"knee_present, hypertension, nidra_disturbed",gas,0.1048951048951049,0.8333333333333333,1.702380952380952
knee_r_morning_stiffness,"medication_ongoing, knee_present",0.17482517482517482,0.9259259259259259,1.697530864197531
knee_r_duration_val,"medication_ongoing, knee_present",0.34265734265734266,0.9245283018867925,1.6949685534591197
"nidra_sound, sex_female, knee_present","appetite_normal, medication_ongoing",0.1258741258741259,0.9,1.693421052631579
"tongue_sama, urine_normal, acidity",gas,0.20279720279720279,0.8285714285714285,1.6926530612244897
"tongue_sama, knee_l_duration_val","medication_ongoing, knee_present",0.2517482517482518,0.9230769230769232,1.6923076923076927
"knee_l_duration_val, knee_r_duration_val, stool_satisfactory","medication_ongoing, knee_present",0.16783216783216784,0.9230769230769231,1.6923076923076925
"tongue_sama, sex_female, urine_normal, acidity",gas,0.13286713286713286,0.8260869565217391,1.6875776397515527
"knee_l_duration_val, sex_female, knee_l_exam_rom","medication_ongoing, knee_present",0.16083916083916083,0.92,1.6866666666666668
"surgery_other, sex_female, knee_present, stool_satisfactory","appetite_normal, medication_ongoing",0.11888111888111888,0.8947368421052632,1.6835180055401662
"tongue_sama, stool_unsatisfactory, knee_l_morning_stiffness, knee_l_duration_val",sex_female,0.1048951048951049,1.0,1.6823529411764706
"knee_r_exam_creps_right, knee_l_exam_creps_left, gas","medication_ongoing, knee_present",0.15384615384615385,0.9166666666666666,1.6805555555555556
"knee_l_duration_val, knee_r_duration_val, knee_l_exam_rom","medication_ongoing, knee_present",0.14685314685314685,0.9130434782608696,1.6739130434782612
"knee_present, urine_normal, stool_satisfactory, comorb_other","appetite_normal, medication_ongoing",0.11188811188811189,0.8888888888888888,1.672514619883041
"tongue_sama, appetite_normal, surgery_other, knee_present",comorb_other,0.1258741258741259,0.8181818181818182,1.6714285714285715
"knee_l_exam_rom, knee_r_exam_rom","medication_ongoing, knee_present",0.13986013986013987,0.9090909090909091,1.6666666666666667
"medication_ongoing, stool_unsatisfactory, lumbar_present",gas,0.15384615384615385,0.8148148148148149,1.6645502645502646
"nidra_sound, comorb_other","appetite_normal, medication_ongoing",0.16083916083916083,0.8846153846153846,1.6644736842105263
"stool_unsatisfactory, gas, hypertension","tongue_sama, medication_ongoing",0.1048951048951049,1.0,1.6627906976744187
knee_l_exam_rom,"medication_ongoing, knee_present",0.20279720279720279,0.90625,1.6614583333333335
"nidra_sound, sex_female, knee_present, urine_normal","appetite_normal, medication_ongoing",0.1048951048951049,0.8823529411764706,1.660216718266254
"medication_ongoing, acidity",gas,0.2727272727272727,0.8124999999999999,1.6598214285714283
"knee_l_exam_tenderness_knee, knee_r_duration_val, knee_l_exam_rom","medication_ongoing, knee_present",0.13286713286713286,0.9047619047619048,1.6587301587301588
"surgery_other, knee_present, urine_normal, comorb_other","medication_ongoing, sex_female",0.1258741258741259,0.8571428571428572,1.6563706563706564
"sex_female, acidity",gas,0.2097902097902098,0.8108108108108107,1.6563706563706562
"knee_r_exam_creps_right, knee_l_duration_val","medication_ongoing, knee_present",0.1958041958041958,0.903225806451613,1.655913978494624
"medication_ongoing, sex_female, urine_normal, acidity",gas,0.11888111888111888,0.8095238095238095,1.6537414965986394
"knee_r_duration_val, nidra_disturbed","medication_ongoing, knee_present",0.1258741258741259,0.9,1.6500000000000001
"knee_r_exam_creps_right, knee_l_duration_val, knee_r_duration_val","medication_ongoing, knee_present",0.1888111888111888,0.8999999999999999,1.65
"sex_female, urine_normal, acidity",gas,0.14685314685314685,0.8076923076923076,1.6499999999999997
acidity,gas,0.32167832167832167,0.8070175438596491,1.6486215538847115
"surgery_other, sex_female, knee_present, comorb_other","appetite_normal, medication_ongoing",0.14685314685314685,0.8749999999999999,1.6463815789473681
"knee_r_exam_creps_right, knee_l_duration_val, knee_r_duration_val, knee_l_exam_creps_left","medication_ongoing, knee_present",0.18181818181818182,0.8965517241379312,1.6436781609195406
"knee_l_duration_val, knee_l_exam_rom, knee_r_exam_rom","medication_ongoing, sex_female",0.11888111888111888,0.85,1.6425675675675675
"stool_unsatisfactory, knee_r_duration_val","medication_ongoing, knee_present",0.11888111888111888,0.8947368421052632,1.6403508771929827
"knee_l_duration_val, stool_satisfactory","medication_ongoing, knee_present",0.17482517482517482,0.8928571428571428,1.6369047619047619
"knee_l_duration_val, urine_normal","medication_ongoing, knee_present",0.23076923076923078,0.8918918918918919,1.6351351351351353
"appetite_normal, knee_present, urine_normal, comorb_other","medication_ongoing, sex_female",0.15384615384615385,0.8461538461538461,1.635135135135135
"appetite_normal, surgery_other, knee_present","medication_ongoing, sex_female",0.1888111888111888,0.84375,1.630489864864865
"tongue_sama, knee_l_duration_val, sex_female, knee_l_exam_tenderness_knee","medication_ongoing, knee_present",0.11188811188811189,0.8888888888888888,1.6296296296296298
knee_r_diag_oa_knee,"medication_ongoing, knee_present",0.16783216783216784,0.888888888888889,1.6296296296296298
"stool_unsatisfactory, knee_present, knee_l_duration_val","medication_ongoing, sex_female",0.11188811188811189,0.8421052631578948,1.6273115220483643
"tongue_sama, knee_l_duration_val, urine_normal",knee_present,0.1888111888111888,1.0,1.625
"nidra_sound, knee_present, stool_satisfactory","appetite_normal, medication_ongoing",0.13286713286713286,0.8636363636363635,1.6249999999999998
"appetite_normal, surgery_other, knee_present, comorb_other","medication_ongoing, sex_female",0.14685314685314685,0.84,1.623243243243243
"tongue_sama, knee_l_exam_creps_left, knee_r_duration_val","medication_ongoing, knee_present",0.16083916083916083,0.8846153846153846,1.6217948717948718
"knee_l_duration_val, knee_r_exam_tenderness_knee, knee_l_exam_rom, knee_l_exam_tenderness_knee","medication_ongoing, knee_present",0.1048951048951049,0.8823529411764706,1.6176470588235294
"knee_l_exam_creps_left, knee_l_duration_val, sex_female","medication_ongoing, knee_present",0.15384615384615385,0.8800000000000001,1.6133333333333337
"nidra_sound, knee_l_duration_val","appetite_normal, medication_ongoing",0.1258741258741259,0.8571428571428572,1.6127819548872182
"knee_r_exam_creps_right, knee_r_duration_val","medication_ongoing, knee_present",0.20279720279720279,0.8787878787878787,1.611111111111111
"knee_l_duration_val, knee_r_exam_tenderness_knee, knee_present, knee_l_exam_rom","medication_ongoing, sex_female",0.1048951048951049,0.8333333333333333,1.6103603603603602
"knee_r_exam_creps_right, knee_l_exam_creps_left","medication_ongoing, knee_present",0.2517482517482518,0.878048780487805,1.609756097560976
"knee_l_exam_creps_left, knee_r_duration_val","medication_ongoing, knee_present",0.1958041958041958,0.875,1.6041666666666667
"knee_r_exam_creps_right, tongue_sama, knee_l_exam_tenderness_knee","medication_ongoing, knee_present",0.14685314685314685,0.8749999999999999,1.6041666666666665
"surgery_other, sex_female, comorb_other","appetite_normal, medication_ongoing",0.16083916083916083,0.8518518518518519,1.6028265107212476
knee_l_exam_tenderness_knee,"medication_ongoing, knee_present",0.23776223776223776,0.8717948717948718,1.5982905982905984
"tongue_sama, knee_l_exam_tenderness_knee","medication_ongoing, knee_present",0.1888111888111888,0.8709677419354839,1.5967741935483872
"knee_l_duration_val, knee_r_duration_val, knee_present, knee_l_exam_rom","medication_ongoing, sex_female",0.13286713286713286,0.8260869565217391,1.5963572267920094
"knee_r_exam_creps_right, knee_l_exam_tenderness_knee, sex_female","medication_ongoing, knee_present",0.13986013986013987,0.8695652173913044,1.5942028985507248
"knee_r_exam_tenderness_knee, knee_r_duration_val","medication_ongoing, knee_present",0.18181818181818182,0.8666666666666667,1.588888888888889
"medication_ongoing, knee_l_duration_val, knee_r_exam_rom, knee_r_duration_val, knee_l_exam_rom",sex_female,0.11888111888111888,0.9444444444444443,1.5888888888888888
knee_l_exam_creps_left,"medication_ongoing, knee_present",0.2727272727272727,0.8666666666666666,1.5888888888888888
"knee_l_duration_val, knee_present, knee_l_exam_rom","medication_ongoing, sex_female",0.16083916083916083,0.8214285714285714,1.5873552123552122
"tongue_sama, surgery_other, sex_female, comorb_other","appetite_normal, medication_ongoing",0.11188811188811189,0.8421052631578948,1.584487534626039
"knee_l_duration_val, medication_ongoing, knee_r_exam_creps_right, knee_l_exam_creps_left, knee_l_exam_rom",sex_female,0.11188811188811189,0.9411764705882353,1.5833910034602077
"knee_l_exam_creps_left, knee_l_duration_val, knee_r_exam_tenderness_knee","medication_ongoing, knee_present",0.13286713286713286,0.8636363636363635,1.5833333333333333
knee_l_morning_stiffness_duration,"medication_ongoing, sex_female",0.1258741258741259,0.8181818181818182,1.5810810810810811
"knee_r_exam_creps_right, knee_l_exam_creps_left, urine_normal","medication_ongoing, knee_present",0.17482517482517482,0.8620689655172414,1.5804597701149428
knee_r_exam_creps_right,"medication_ongoing, knee_present",0.25874125874125875,0.8604651162790699,1.5775193798449616
"knee_l_duration_val, knee_r_exam_rom, knee_r_exam_creps_right, knee_l_exam_creps_left, knee_r_duration_val, knee_l_exam_rom",sex_female,0.1048951048951049,0.9375,1.5772058823529413
"sex_female, knee_present, stool_satisfactory, comorb_other",appetite_normal,0.1258741258741259,0.9473684210526316,1.575275397796818
"knee_r_exam_creps_right, knee_l_exam_creps_left, knee_r_exam_rom","medication_ongoing, knee_present",0.1258741258741259,0.8571428571428572,1.5714285714285716
"tongue_sama, knee_l_exam_creps_left","medication_ongoing, knee_present",0.2097902097902098,0.8571428571428571,1.5714285714285714
"appetite_normal, stool_unsatisfactory, nidra_disturbed","tongue_sama, medication_ongoing",0.11888111888111888,0.9444444444444443,1.5704134366925064
"surgery_other, knee_present, urine_normal","medication_ongoing, sex_female",0.18181818181818182,0.8125,1.5701013513513513
"nidra_sound, knee_r_duration_val, stool_satisfactory","appetite_normal, medication_ongoing",0.1048951048951049,0.8333333333333333,1.5679824561403508
"gas, knee_l_morning_stiffness","tongue_sama, medication_ongoing",0.11188811188811189,0.9411764705882353,1.5649794801641588
"medication_ongoing, surgery_other, sex_female, urine_normal",knee_present,0.18181818181818182,0.962962962962963,1.5648148148148149
"knee_l_duration_val, knee_present, knee_r_exam_rom","medication_ongoing, sex_female",0.11888111888111888,0.8095238095238095,1.5643500643500643
"appetite_normal, medication_ongoing, sex_female, stool_satisfactory",knee_present,0.17482517482517482,0.9615384615384615,1.5624999999999998
"knee_l_exam_tenderness_knee, urine_normal","medication_ongoing, knee_present",0.16083916083916083,0.8518518518518519,1.5617283950617284
"stool_satisfactory, comorb_other","appetite_normal, medication_ongoing",0.20279720279720279,0.8285714285714285,1.5590225563909774
"stool_unsatisfactory, surgery_other, sex_female","tongue_sama, medication_ongoing",0.1048951048951049,0.9375,1.5588662790697676
"nidra_sound, sex_female, urine_normal","medication_ongoing, knee_present",0.11888111888111888,0.85,1.5583333333333333
"urine_normal, stool_satisfactory, comorb_other","appetite_normal, medication_ongoing",0.16783216783216784,0.8275862068965518,1.5571687840290382
"appetite_normal, sex_female, comorb_other","medication_ongoing, knee_present",0.1958041958041958,0.8484848484848484,1.5555555555555556
"surgery_other, urine_normal, comorb_other","appetite_normal, medication_ongoing",0.13286713286713286,0.8260869565217391,1.5543478260869565
"knee_r_exam_creps_right, knee_r_exam_tenderness_knee, tongue_sama","medication_ongoing, knee_present",0.15384615384615385,0.8461538461538461,1.5512820512820513
"appetite_normal, surgery_other, sex_female, urine_normal",knee_present,0.14685314685314685,0.9545454545454545,1.5511363636363635
"nidra_sound, stool_satisfactory","appetite_normal, medication_ongoing",0.1958041958041958,0.823529411764706,1.5495356037151704
"medication_ongoing, knee_present, knee_l_duration_val, knee_l_exam_rom",sex_female,0.16083916083916083,0.92,1.5477647058823532
"medication_ongoing, appetite_normal, sex_female, stool_satisfactory, urine_normal",knee_present,0.13986013986013987,0.9523809523809524,1.5476190476190477
"knee_l_duration_val, nidra_disturbed","medication_ongoing, knee_present",0.11188811188811189,0.8421052631578948,1.5438596491228072
"appetite_normal, medication_ongoing, surgery_other, stool_satisfactory",knee_present,0.13286713286713286,0.95,1.5437499999999997
"knee_r_exam_creps_right, knee_r_exam_tenderness_knee, knee_r_duration_val, knee_l_exam_creps_left","medication_ongoing, knee_present",0.14685314685314685,0.84,1.54
"medication_ongoing, surgery_other, sex_female, stool_satisfactory",knee_present,0.1258741258741259,0.9473684210526316,1.5394736842105263
"knee_r_exam_creps_right, urine_normal","medication_ongoing, knee_present",0.18181818181818182,0.8387096774193549,1.5376344086021507
"appetite_normal, surgery_other, knee_present, urine_normal",sex_female,0.14685314685314685,0.9130434782608696,1.536061381074169
"surgery_other, comorb_other","medication_ongoing, knee_present",0.21678321678321677,0.8378378378378377,1.536036036036036
"medication_ongoing, appetite_normal, surgery_other, surgery_other_duration_days, comorb_other",knee_present,0.11888111888111888,0.9444444444444443,1.5347222222222219
"sex_female, knee_present, urine_normal, comorb_other","appetite_normal, medication_ongoing",0.15384615384615385,0.8148148148148149,1.5331384015594542
"urine_normal, surgery_other, lumbar_present, sex_female",knee_present,0.11188811188811189,0.9411764705882353,1.5294117647058822
"nidra_sound, sex_female","medication_ongoing, knee_present",0.13986013986013987,0.8333333333333334,1.527777777777778
"knee_l_exam_tenderness_knee, acidity","medication_ongoing, knee_present",0.1048951048951049,0.8333333333333333,1.5277777777777777
"stool_unsatisfactory, gas, nidra_disturbed","tongue_sama, medication_ongoing",0.15384615384615385,0.9166666666666666,1.5242248062015504
"tongue_sama, medication_ongoing, surgery_other_duration_days, appetite_normal",knee_present,0.1048951048951049,0.9375,1.5234375
"surgery_other, knee_present, urine_normal, comorb_other","appetite_normal, medication_ongoing",0.11888111888111888,0.8095238095238095,1.5231829573934839
"knee_l_exam_creps_left, knee_l_duration_val, knee_l_exam_rom",sex_female,0.13286713286713286,0.9047619047619048,1.5221288515406164
"stool_unsatisfactory, lumbar_present, gas","tongue_sama, medication_ongoing",0.14685314685314685,0.9130434782608696,1.5182002022244694
"surgery_other, knee_present, comorb_other","appetite_normal, medication_ongoing",0.17482517482517482,0.8064516129032259,1.5174023769100171
"nidra_sound, stool_satisfactory",appetite_normal,0.21678321678321677,0.9117647058823529,1.5160738714090287
"knee_r_exam_creps_right, knee_l_exam_creps_left, knee_r_duration_val, urine_normal","medication_ongoing, knee_present",0.13286713286713286,0.8260869565217391,1.5144927536231885
"knee_l_duration_val, knee_l_exam_rom, knee_r_exam_rom",sex_female,0.1258741258741259,0.9,1.5141176470588236
"surgery_other, sex_female, urine_normal",knee_present,0.1888111888111888,0.9310344827586207,1.5129310344827585
"surgery_other, sex_female","medication_ongoing, knee_present",0.23076923076923078,0.825,1.5125
"nidra_sound, knee_present, stool_satisfactory",appetite_normal,0.13986013986013987,0.9090909090909091,1.5116279069767442
"appetite_normal, surgery_other, urine_normal","medication_ongoing, knee_present",0.16083916083916083,0.8214285714285714,1.505952380952381
"medication_ongoing, knee_l_duration_val, knee_l_exam_rom, knee_l_exam_tenderness_knee",sex_female,0.11888111888111888,0.8947368421052632,1.5052631578947369
"nidra_sound, knee_l_duration_val",appetite_normal,0.13286713286713286,0.9047619047619048,1.5044296788482836
"appetite_normal, surgery_other","medication_ongoing, knee_present",0.22377622377622378,0.8205128205128206,1.5042735042735045
"knee_l_duration_val, knee_l_exam_rom",sex_female,0.17482517482517482,0.8928571428571428,1.5021008403361344
"stool_unsatisfactory, nidra_disturbed","tongue_sama, medication_ongoing",0.1958041958041958,0.903225806451613,1.5018754688672171
"surgery_other, lumbar_present, comorb_other","medication_ongoing, knee_present",0.1258741258741259,0.8181818181818182,1.5000000000000002
"appetite_normal, medication_ongoing, surgery_other, surgery_other_duration_days",knee_present,0.16783216783216784,0.9230769230769231,1.5
"nidra_sound, medication_ongoing, knee_l_duration_val",appetite_normal,0.1258741258741259,0.9,1.496511627906977
"tongue_sama, stool_unsatisfactory, medication_ongoing, knee_l_duration_val",sex_female,0.11188811188811189,0.8888888888888888,1.4954248366013072
"knee_r_exam_tenderness_knee, urine_normal","medication_ongoing, knee_present",0.15384615384615385,0.8148148148148149,1.4938271604938274
"nidra_sound, urine_normal, stool_satisfactory",appetite_normal,0.18181818181818182,0.8965517241379312,1.4907778668805136
"medication_ongoing, surgery_other, stool_satisfactory",knee_present,0.15384615384615385,0.9166666666666666,1.4895833333333333
"knee_present, knee_r_exam_creps_right, knee_l_exam_creps_left, knee_r_duration_val, gas","tongue_sama, medication_ongoing",0.11888111888111888,0.8947368421052632,1.4877600979192167
"medication_ongoing, knee_r_exam_creps_right, knee_l_exam_creps_left, knee_r_duration_val, knee_l_exam_rom",sex_female,0.1048951048951049,0.8823529411764706,1.4844290657439447
"knee_r_exam_creps_right, knee_r_exam_tenderness_knee, urine_normal","medication_ongoing, knee_present",0.11888111888111888,0.8095238095238095,1.4841269841269842
"medication_ongoing, surgery_other, urine_normal, comorb_other",knee_present,0.14685314685314685,0.9130434782608696,1.483695652173913
"urine_normal, lumbar_present, gas, sex_female","tongue_sama, medication_ongoing",0.11188811188811189,0.8888888888888888,1.4780361757105944
"appetite_normal, stool_unsatisfactory","tongue_sama, medication_ongoing",0.16783216783216784,0.888888888888889,1.4780361757105944
"knee_present, urine_normal, nidra_disturbed",sex_female,0.14685314685314685,0.8749999999999999,1.4720588235294116
"nidra_sound, medication_ongoing, urine_normal, stool_satisfactory",appetite_normal,0.16083916083916083,0.8846153846153846,1.4709302325581395
"appetite_normal, surgery_other, stool_satisfactory",knee_present,0.13286713286713286,0.9047619047619048,1.4702380952380951
"stool_unsatisfactory, sex_female, knee_l_morning_stiffness","tongue_sama, medication_ongoing",0.1048951048951049,0.8823529411764706,1.4671682626538989
"knee_l_duration_val, gas, knee_present","tongue_sama, medication_ongoing",0.15384615384615385,0.8800000000000001,1.4632558139534886
"knee_l_duration_val, knee_r_duration_val, knee_present, knee_l_exam_rom",sex_female,0.13986013986013987,0.8695652173913044,1.4629156010230182
"medication_ongoing, surgery_other, lumbar_present, surgery_other_duration_days",knee_present,0.1258741258741259,0.9,1.4625
"appetite_normal, medication_ongoing, surgery_other, sex_female",knee_present,0.1888111888111888,0.8999999999999999,1.4624999999999997
"surgery_other, sex_female, knee_present, comorb_other",appetite_normal,0.14685314685314685,0.8749999999999999,1.4549418604651163
"medication_ongoing, appetite_normal, surgery_other, comorb_other, urine_normal",knee_present,0.11888111888111888,0.8947368421052632,1.4539473684210527
"knee_l_duration_val, knee_present, knee_l_exam_rom, knee_l_exam_tenderness_knee",sex_female,0.13286713286713286,0.8636363636363635,1.4529411764705882
"medication_ongoing, sex_female, urine_normal, stool_satisfactory",knee_present,0.17482517482517482,0.8928571428571428,1.450892857142857
"medication_ongoing, knee_l_exam_rom",sex_female,0.17482517482517482,0.8620689655172414,1.4503042596348885
"medication_ongoing, surgery_other, sex_female",knee_present,0.23076923076923078,0.8918918918918919,1.4493243243243243
"appetite_normal, surgery_other_duration_days",knee_present,0.16783216783216784,0.888888888888889,1.4444444444444444
"surgery_other, surgery_other_duration_days, stool_satisfactory",knee_present,0.11188811188811189,0.8888888888888888,1.4444444444444442
"tongue_sama, knee_l_exam_tenderness_knee, urine_normal",sex_female,0.1258741258741259,0.8571428571428572,1.4420168067226893
"lumbar_present, stool_satisfactory, comorb_other","medication_ongoing, urine_normal",0.11888111888111888,0.8947368421052632,1.437610881135423
"nidra_sound, urine_normal, comorb_other",appetite_normal,0.13286713286713286,0.8636363636363635,1.4360465116279069
"appetite_normal, medication_ongoing, surgery_other_duration_days, urine_normal",knee_present,0.1048951048951049,0.8823529411764706,1.4338235294117645
"knee_l_exam_tenderness_knee, knee_present, urine_normal",sex_female,0.16083916083916083,0.8518518518518519,1.4331154684095861
"appetite_normal, sex_female, urine_normal, comorb_other",knee_present,0.15384615384615385,0.8800000000000001,1.4300000000000002
"medication_ongoing, knee_present, urine_normal, nidra_disturbed",sex_female,0.11888111888111888,0.85,1.43
"medication_ongoing, urine_normal, stool_satisfactory, comorb_other",appetite_normal,0.16783216783216784,0.8571428571428572,1.425249169435216
"medication_ongoing, knee_present, appetite_normal, comorb_other, urine_normal",sex_female,0.15384615384615385,0.8461538461538461,1.423529411764706
"surgery_other, sex_female",knee_present,0.24475524475524477,0.875,1.421875
"appetite_normal, medication_ongoing, surgery_other, knee_present",sex_female,0.1888111888111888,0.84375,1.4194852941176472
"medication_ongoing, stool_satisfactory, comorb_other",appetite_normal,0.20279720279720279,0.8529411764705882,1.4182626538987688
"knee_r_exam_creps_right, knee_r_duration_val, knee_l_exam_rom",sex_female,0.11188811188811189,0.8421052631578948,1.4167182662538702
"surgery_other, sex_female, comorb_other",appetite_normal,0.16083916083916083,0.8518518518518519,1.4164513350559864
"nidra_sound, knee_r_duration_val",appetite_normal,0.11888111888111888,0.85,1.4133720930232558
"appetite_normal, surgery_other, knee_present, comorb_other",sex_female,0.14685314685314685,0.84,1.4131764705882353
"tongue_sama, medication_ongoing, surgery_other_duration_days",knee_present,0.13986013986013987,0.8695652173913044,1.4130434782608696
"medication_ongoing, surgery_other, knee_present, urine_normal",sex_female,0.18181818181818182,0.8387096774193549,1.4110056925996206
"medication_ongoing, knee_present, sex_female, comorb_other, urine_normal",appetite_normal,0.15384615384615385,0.8461538461538461,1.4069767441860466
"medication_ongoing, surgery_other, lumbar_present, sex_female",knee_present,0.13286713286713286,0.8636363636363635,1.4034090909090906
"knee_r_duration_val, knee_present, knee_l_exam_rom",sex_female,0.13986013986013987,0.8333333333333334,1.4019607843137256
"knee_l_exam_tenderness_knee, knee_present, knee_l_exam_rom, knee_r_exam_rom",sex_female,0.1048951048951049,0.8333333333333333,1.4019607843137254
"appetite_normal, medication_ongoing, surgery_other, comorb_other",knee_present,0.17482517482517482,0.8620689655172414,1.4008620689655173
"knee_r_exam_creps_right, knee_r_exam_tenderness_knee, gas","tongue_sama, medication_ongoing",0.11188811188811189,0.8421052631578948,1.400244798041616
"surgery_other, surgery_other_duration_days",knee_present,0.21678321678321677,0.8611111111111109,1.3993055555555551
"stool_unsatisfactory, sex_female","tongue_sama, medication_ongoing",0.18181818181818182,0.8387096774193549,1.3945986496624159
"medication_ongoing, surgery_other_duration_days, gas",knee_present,0.1258741258741259,0.8571428571428572,1.3928571428571428
"lumbar_present, knee_present, comorb_other",sex_female,0.13286713286713286,0.8260869565217391,1.3897698209718672
"gas, knee_l_morning_stiffness, knee_present, knee_r_morning_stiffness",tongue_sama,0.1048951048951049,1.0,1.3883495145631066
"knee_r_exam_creps_right, knee_l_exam_creps_left, gas","tongue_sama, medication_ongoing",0.13986013986013987,0.8333333333333334,1.3856589147286824
"hypertension_duration_days, hypertension, stool_satisfactory",appetite_normal,0.1048951048951049,0.8333333333333333,1.3856589147286822
"tongue_sama, surgery_other, sex_female",knee_present,0.16083916083916083,0.8518518518518519,1.3842592592592593
"lumbar_present, knee_present, urine_normal",sex_female,0.16083916083916083,0.8214285714285714,1.3819327731092437
"tongue_sama, appetite_normal, surgery_other, sex_female",knee_present,0.11888111888111888,0.85,1.3812499999999999
"appetite_normal, medication_ongoing, sex_female, comorb_other",knee_present,0.1958041958041958,0.8484848484848484,1.3787878787878787
"stool_satisfactory, comorb_other",appetite_normal,0.20279720279720279,0.8285714285714285,1.3777408637873754
"knee_r_exam_creps_right, knee_l_duration_val, medication_ongoing, knee_l_exam_tenderness_knee",sex_female,0.1258741258741259,0.8181818181818182,1.3764705882352943
"knee_present, urine_normal, comorb_other",sex_female,0.1888111888111888,0.8181818181818181,1.3764705882352941
"urine_normal, stool_satisfactory, comorb_other",appetite_normal,0.16783216783216784,0.8275862068965518,1.3761026463512434
"surgery_other, urine_normal, comorb_other",appetite_normal,0.13286713286713286,0.8260869565217391,1.3736097067745199
"appetite_normal, medication_ongoing, knee_present, urine_normal",sex_female,0.21678321678321677,0.8157894736842105,1.3724458204334367
"appetite_normal, medication_ongoing, surgery_other, urine_normal",sex_female,0.15384615384615385,0.8148148148148149,1.370806100217865
"medication_ongoing, sex_female, knee_present, comorb_other",appetite_normal,0.1958041958041958,0.823529411764706,1.369357045143639
"appetite_normal, surgery_other, medication_ongoing",knee_present,0.22377622377622378,0.8421052631578948,1.368421052631579
"knee_l_morning_stiffness, knee_present",sex_female,0.18181818181818182,0.8125,1.3669117647058824
"nidra_sound, sex_female, knee_present","medication_ongoing, urine_normal",0.11888111888111888,0.85,1.3657303370786515
"surgery_other, surgery_other_duration_days, urine_normal",knee_present,0.14685314685314685,0.84,1.3649999999999998
"medication_ongoing, knee_present, stool_satisfactory",sex_female,0.2097902097902098,0.8108108108108107,1.3640699523052464
"surgery_other_duration_days, knee_present, urine_normal",sex_female,0.11888111888111888,0.8095238095238095,1.361904761904762
"surgery_other, comorb_other",knee_present,0.21678321678321677,0.8378378378378377,1.3614864864864862
"knee_l_duration_val, knee_r_duration_val, knee_present, hypertension","tongue_sama, medication_ongoing",0.1258741258741259,0.8181818181818182,1.36046511627907
"stool_unsatisfactory, knee_present","tongue_sama, medication_ongoing",0.1888111888111888,0.8181818181818181,1.3604651162790697
"nidra_sound, comorb_other","medication_ongoing, urine_normal",0.15384615384615385,0.8461538461538461,1.3595505617977528
"medication_ongoing, knee_present, knee_l_duration_val, knee_l_exam_tenderness_knee",sex_female,0.14685314685314685,0.8076923076923076,1.3588235294117645
"medication_ongoing, knee_present, urine_normal, stool_satisfactory",sex_female,0.17482517482517482,0.8064516129032259,1.3567362428842507
"sex_female, knee_present, urine_normal, comorb_other",appetite_normal,0.15384615384615385,0.8148148148148149,1.3548664944013784
"tongue_sama, surgery_other_duration_days",knee_present,0.13986013986013987,0.8333333333333334,1.3541666666666667
"medication_ongoing, surgery_other, acidity, comorb_other",knee_present,0.1048951048951049,0.8333333333333333,1.3541666666666665
"knee_present, stool_satisfactory",sex_female,0.23076923076923078,0.8048780487804879,1.3540889526542326
"lumbar_exam_tenderness, lumbar_present, knee_present, sex_female","medication_ongoing, urine_normal",0.11188811188811189,0.8421052631578948,1.3530455351862805
"stool_unsatisfactory, gas",tongue_sama,0.25874125874125875,0.9736842105263158,1.3518140010219724
"medication_ongoing, knee_present, urine_normal, comorb_other",appetite_normal,0.18181818181818182,0.8125,1.3510174418604652
"lumbar_present, lumbar_diag_lumbar_spondylosis, stool_satisfactory",urine_normal,0.11188811188811189,1.0,1.349056603773585
stool_unsatisfactory,"tongue_sama, medication_ongoing",0.3006993006993007,0.8113207547169811,1.349056603773585
"medication_ongoing, knee_present, stool_satisfactory",appetite_normal,0.2097902097902098,0.8108108108108107,1.3482086737900691
"stool_unsatisfactory, acidity",tongue_sama,0.23076923076923078,0.9705882352941178,1.3475157053112508
"medication_ongoing, stool_unsatisfactory, gas",tongue_sama,0.22377622377622378,0.9696969696969696,1.3462783171521033
"medication_ongoing, surgery_other_duration_days, knee_present, comorb_other",appetite_normal,0.11888111888111888,0.8095238095238095,1.3460686600221485
"medication_ongoing, surgery_other",knee_present,0.3006993006993007,0.8269230769230769,1.3437499999999998
"stool_unsatisfactory, gas, acidity",tongue_sama,0.2097902097902098,0.967741935483871,1.3435640463513936
"medication_ongoing, knee_present, sex_female, surgery_other, urine_normal",appetite_normal,0.14685314685314685,0.8076923076923076,1.3430232558139534
"medication_ongoing, surgery_other, lumbar_present, urine_normal",knee_present,0.13286713286713286,0.8260869565217391,1.342391304347826
"nidra_sound, knee_present",appetite_normal,0.17482517482517482,0.8064516129032259,1.3409602400600151
"sex_female, stool_satisfactory",knee_present,0.23076923076923078,0.825,1.340625
"nidra_sound, lumbar_present","medication_ongoing, urine_normal",0.13986013986013987,0.8333333333333334,1.3389513108614233
"lumbar_exam_tenderness, comorb_other","medication_ongoing, urine_normal",0.1048951048951049,0.8333333333333333,1.338951310861423
"stool_unsatisfactory, medication_ongoing, acidity",tongue_sama,0.1888111888111888,0.9642857142857142,1.3387656033287099
"knee_present, stool_satisfactory",appetite_normal,0.23076923076923078,0.8048780487804879,1.3383437322745322
"sex_female, urine_normal, stool_satisfactory",knee_present,0.1958041958041958,0.823529411764706,1.3382352941176472
"stool_unsatisfactory, medication_ongoing, gas, acidity",tongue_sama,0.17482517482517482,0.9615384615384615,1.3349514563106795
"appetite_normal, surgery_other, urine_normal",knee_present,0.16083916083916083,0.8214285714285714,1.3348214285714284
"appetite_normal, surgery_other",knee_present,0.22377622377622378,0.8205128205128206,1.3333333333333335
"knee_l_duration_val, gas, knee_present",tongue_sama,0.16783216783216784,0.9600000000000001,1.3328155339805825
"appetite_normal, stool_satisfactory, comorb_other","medication_ongoing, urine_normal",0.16783216783216784,0.8275862068965518,1.3297171638899652
"medication_ongoing, surgery_other, lumbar_present, comorb_other",knee_present,0.1258741258741259,0.8181818181818182,1.3295454545454546
"knee_l_duration_val, knee_r_duration_val, gas, knee_present",tongue_sama,0.15384615384615385,0.9565217391304349,1.327986492190798
"nidra_sound, appetite_normal, comorb_other","medication_ongoing, urine_normal",0.13286713286713286,0.8260869565217391,1.3273082559843674
"tongue_sama, medication_ongoing, surgery_other",knee_present,0.21678321678321677,0.8157894736842105,1.325657894736842
"stool_unsatisfactory, lumbar_present, medication_ongoing, gas",tongue_sama,0.14685314685314685,0.9545454545454545,1.3252427184466018
"tongue_sama, medication_ongoing, surgery_other, appetite_normal",knee_present,0.15384615384615385,0.8148148148148149,1.3240740740740742
knee_l_exam_swelling_non_pitting,tongue_sama,0.13986013986013987,0.9523809523809524,1.3222376329172445
"appetite_normal, medication_ongoing, sex_female",knee_present,0.2727272727272727,0.8124999999999999,1.3203124999999998
"gas, stool_unsatisfactory, medication_ongoing, knee_present",tongue_sama,0.13286713286713286,0.95,1.3189320388349512
"tongue_sama, appetite_normal, sex_female, comorb_other",knee_present,0.11888111888111888,0.8095238095238095,1.3154761904761905
"lumbar_present, acidity, nidra_disturbed",tongue_sama,0.1258741258741259,0.9473684210526316,1.315278487480838
"stool_unsatisfactory, lumbar_exam_tenderness, lumbar_present, acidity",tongue_sama,0.11888111888111888,0.9444444444444443,1.3112189859762673
"surgery_other, lumbar_present",knee_present,0.17482517482517482,0.8064516129032259,1.310483870967742
"appetite_normal, sex_female, urine_normal",knee_present,0.23076923076923078,0.8048780487804879,1.3079268292682926
"stool_unsatisfactory, lumbar_exam_tenderness, lumbar_present, gas",tongue_sama,0.11188811188811189,0.9411764705882353,1.3066818960593944
"appetite_normal, sex_female",knee_present,0.2867132867132867,0.8039215686274509,1.3063725490196076
surgery_other,knee_present,0.3146853146853147,0.8035714285714286,1.3058035714285714
"stool_unsatisfactory, knee_present",tongue_sama,0.21678321678321677,0.9393939393939393,1.3042071197411003
"knee_r_exam_creps_right, knee_l_exam_creps_left, gas, urine_normal",tongue_sama,0.1048951048951049,0.9375,1.3015776699029125
"nidra_sound, knee_l_duration_val, knee_present","medication_ongoing, urine_normal",0.11888111888111888,0.8095238095238095,1.3006955591225253
"stool_unsatisfactory, sex_female",tongue_sama,0.20279720279720279,0.935483870967742,1.2987785781396806
"nidra_sound, knee_present","medication_ongoing, urine_normal",0.17482517482517482,0.8064516129032259,1.2957593330916999
"stool_unsatisfactory, medication_ongoing, knee_present",tongue_sama,0.1888111888111888,0.9310344827586207,1.2926012721794442
"appetite_normal, lumbar_present, stool_satisfactory",urine_normal,0.15384615384615385,0.9565217391304349,1.2904019688269075
"medication_ongoing, stool_unsatisfactory, sex_female",tongue_sama,0.18181818181818182,0.9285714285714286,1.2891816920943133
"knee_l_exam_creps_left, gas",tongue_sama,0.17482517482517482,0.9259259259259259,1.2855088097806544
"tongue_sama, lumbar_present, stool_satisfactory",urine_normal,0.13986013986013987,0.9523809523809524,1.2848158131177
stool_unsatisfactory,tongue_sama,0.34265734265734266,0.9245283018867925,1.2835684191243817
"sex_male, gas",tongue_sama,0.16783216783216784,0.9230769230769231,1.2815533980582525
"lumbar_present, knee_present, stool_satisfactory",urine_normal,0.1258741258741259,0.9473684210526316,1.2780536246276069
"knee_r_exam_creps_right, gas, knee_present",tongue_sama,0.16083916083916083,0.92,1.2772815533980582
"nidra_sound, appetite_normal, tongue_sama",urine_normal,0.11888111888111888,0.9444444444444443,1.2741090146750522
"lumbar_exam_tenderness, lumbar_present, acidity",tongue_sama,0.15384615384615385,0.9166666666666666,1.2726537216828477
"stool_unsatisfactory, medication_ongoing",tongue_sama,0.3006993006993007,0.9148936170212766,1.2701921090683743
"medication_ongoing, lumbar_present, knee_present, stool_satisfactory",urine_normal,0.11188811188811189,0.9411764705882353,1.269700332963374
"lumbar_present, nidra_disturbed",tongue_sama,0.22377622377622378,0.9142857142857143,1.2693481276005547
"lumbar_exam_tenderness, gas, urine_normal",tongue_sama,0.14685314685314685,0.9130434782608696,1.2676234698184887
"knee_l_exam_creps_left, knee_l_duration_val, stool_satisfactory",urine_normal,0.1048951048951049,0.9375,1.2647405660377358
"appetite_normal, gas, acidity",tongue_sama,0.13986013986013987,0.9090909090909091,1.262135922330097
"medication_ongoing, knee_present, nidra_disturbed",tongue_sama,0.20279720279720279,0.90625,1.2581917475728155
"stool_unsatisfactory, medication_ongoing, comorb_other",tongue_sama,0.13286713286713286,0.9047619047619048,1.2561257512713824
"lumbar_present, gas, urine_normal, acidity",tongue_sama,0.1258741258741259,0.9,1.249514563106796
"lumbar_exam_tenderness, gas",tongue_sama,0.18181818181818182,0.8965517241379312,1.244727150987613
"knee_l_exam_tenderness_knee, nidra_disturbed",tongue_sama,0.11888111888111888,0.8947368421052632,1.242207460398569
"medication_ongoing, gas, hypertension",tongue_sama,0.17482517482517482,0.8928571428571428,1.2395977808599166
"gas, acidity",tongue_sama,0.2867132867132867,0.891304347826087,1.2374419586323344
"nidra_sound, lumbar_present",urine_normal,0.15384615384615385,0.9166666666666666,1.2366352201257862
"urine_normal, stool_unsatisfactory, medication_ongoing, sex_female",tongue_sama,0.11188811188811189,0.8888888888888888,1.2340884573894282
"knee_r_duration_val, gas, knee_present",tongue_sama,0.16783216783216784,0.888888888888889,1.2340884573894282
"tongue_sama, sex_female, stool_satisfactory",urine_normal,0.14685314685314685,0.9130434782608696,1.2317473338802298
"medication_ongoing, gas, nidra_disturbed",tongue_sama,0.21678321678321677,0.8857142857142856,1.2296809986130373
"medication_ongoing, lumbar_present, gas, urine_normal",tongue_sama,0.16083916083916083,0.8846153846153846,1.2281553398058251
"lumbar_exam_tenderness, stool_satisfactory",urine_normal,0.13986013986013987,0.9090909090909091,1.2264150943396226
"knee_r_exam_creps_right, knee_l_exam_creps_left, acidity",tongue_sama,0.1048951048951049,0.8823529411764706,1.2250142775556823
"medication_ongoing, sex_female, gas, urine_normal",tongue_sama,0.15384615384615385,0.8800000000000001,1.221747572815534
"gas, nidra_disturbed",tongue_sama,0.2517482517482518,0.878048780487805,1.2190385981529719
"hypertension, acidity",tongue_sama,0.14685314685314685,0.8749999999999999,1.2148058252427183
"urine_normal, acidity",tongue_sama,0.24475524475524477,0.875,1.2148058252427183
"tongue_sama, gas, stool_satisfactory",urine_normal,0.1258741258741259,0.9,1.2141509433962265
"tongue_sama, stool_satisfactory",urine_normal,0.24475524475524477,0.8974358974358976,1.2106918238993714
"medication_ongoing, gas, knee_present",tongue_sama,0.23776223776223776,0.8717948717948718,1.2103559870550162
gas,tongue_sama,0.42657342657342656,0.8714285714285713,1.2098474341192786
"tongue_sama, medication_ongoing, stool_satisfactory",urine_normal,0.18181818181818182,0.8965517241379312,1.2094990240728694
"medication_ongoing, gas, knee_present, urine_normal",tongue_sama,0.13986013986013987,0.8695652173913044,1.2072604474461799
"knee_r_exam_tenderness_knee, knee_present, stool_satisfactory",urine_normal,0.11888111888111888,0.8947368421052632,1.2070506454816285
"medication_ongoing, gas",tongue_sama,0.3706293706293706,0.8688524590163934,1.2062708897023713
"stool_satisfactory, nidra_disturbed",urine_normal,0.17482517482517482,0.8928571428571428,1.2045148247978437
"sex_female, gas, acidity",tongue_sama,0.18181818181818182,0.8666666666666667,1.2032362459546926
"knee_present, nidra_disturbed",tongue_sama,0.22377622377622378,0.8648648648648648,1.200734715297822
